residue,ANDN920101,BEGF750101,BULH740102,BUNA790101,BUNA790102,CHOC760102,COHE430101,DAYM780101,DESM900102,FAUJ880107,FINA910101,FINA910103,JUKT750101,KANM800103,LEVM760106,LEWP710101,NAKH900103,NAKH900104,NAKH900105,NAKH900106,NAKH900108,NAKH900109,NAKH900110,NAKH920101,NAKH920102,NAKH920103,NAKH920104,NAKH920105,NAKH920106,NAKH920107,NAKH920108,OOBM770103,OOBM850104,RACS820101,RACS820102,RACS820103,RACS820104,RACS820105,RACS820106,RACS820107,RACS820108,RACS820109,RACS820110,RACS820111,RACS820112,RACS820113,RACS820114,RADA880106,RICJ880101,RICJ880102,RICJ880103,RICJ880104,RICJ880105,RICJ880106,RICJ880107,RICJ880108,RICJ880109,RICJ880110,RICJ880111,RICJ880112,RICJ880113,RICJ880114,RICJ880115,RICJ880117,SNEP660102,SNEP660103,SNEP660104,SUEM840101,VASM830101,VASM830102,VASM830103,WARP780101,WERD780102,WERD780103,WERD780104,WOLS870101,WOLS870102,WOLS870103,AURR980101,AURR980102,AURR980103,AURR980104,AURR980105,AURR980106,AURR980107,AURR980108,AURR980109,AURR980110,AURR980111,AURR980113,AURR980114,AURR980115,AURR980117,AURR980118,AURR980119,CEDJ970101,CEDJ970104,CEDJ970105,FUKS010101,FUKS010102,FUKS010103,FUKS010104,FUKS010106,FUKS010107,FUKS010108,FUKS010110,GUYH850104,GUYH850105
A,4.35,1.0,0.691,8.249,4.349,25.0,0.75,8.6,1.26,7.3,1.0,1.2,5.3,1.45,5.2,0.22,5.74,-0.6,5.88,-0.57,-0.7,9.25,0.34,8.63,10.88,5.15,5.04,9.9,6.69,5.08,9.36,-0.491,-2.49,0.85,1.58,0.82,0.78,0.88,0.3,0.4,1.48,0.0,1.02,0.93,0.99,17.05,14.53,93.7,0.7,0.7,0.5,1.2,1.6,1.0,1.1,1.4,1.8,1.8,1.3,0.7,1.4,1.1,0.8,0.7,0.33,-0.11,-0.062,1.071,0.135,0.507,0.159,10.04,0.16,0.15,-0.07,0.07,-1.73,0.09,0.94,0.98,1.05,0.75,0.67,1.1,1.39,1.43,1.55,1.8,1.52,1.73,1.33,1.87,0.77,0.93,1.09,8.6,7.9,8.3,4.47,6.77,7.43,5.22,10.98,9.95,8.26,9.07,-0.31,-0.27
R,4.17,1.0,0.842,8.423,4.385,23.0,0.9,7.4,1.36,10.1,1.0,1.0,4.7,1.56,7.0,0.19,15.36,1.82,16.52,2.16,1.02,10.94,0.52,8.44,8.03,8.11,9.88,22.28,8.23,8.03,16.64,-0.65,-7.16,1.03,1.21,0.0,0.91,1.09,0.96,0.57,1.33,0.0,1.06,1.03,1.26,10.89,14.3,173.7,0.9,0.9,0.2,0.9,0.3,0.6,2.6,1.1,1.2,1.2,1.4,1.9,0.8,0.7,0.7,0.5,0.129,-0.008,-0.264,1.14,0.215,0.619,0.083,8.79,-0.44,0.06,-0.17,-4.19,-1.03,-0.98,0.95,0.8,0.96,1.01,0.79,0.84,0.91,1.52,1.36,1.47,1.26,1.8,1.63,1.65,0.66,1.16,0.87,8.8,8.6,7.4,5.06,4.43,2.74,4.52,12.79,9.66,16.46,9.0,-0.53,-0.44
N,4.38,0.52,0.728,8.274,4.396,90.0,0.7,4.9,0.38,11.1,0.7,1.7,2.6,1.15,6.0,0.28,1.92,-1.18,1.54,-1.29,-0.91,3.96,-0.57,6.75,6.01,4.38,3.73,0.09,6.65,4.75,0.27,-0.554,2.55,2.02,1.14,2.6,1.75,0.99,0.9,1.2,1.02,0.0,1.0,1.52,1.19,21.25,17.82,250.4,0.4,0.4,0.4,0.7,0.9,0.4,1.5,1.2,1.3,1.0,0.8,0.8,2.1,1.0,0.9,1.1,-0.176,0.079,-0.167,1.033,0.296,0.459,0.194,6.18,-0.2,-0.37,-0.4,2.88,2.52,-3.44,1.15,1.14,0.81,0.9,0.76,1.05,0.95,1.33,1.39,1.73,1.49,1.24,1.39,1.66,1.11,0.96,1.29,4.2,4.9,8.7,8.48,6.87,4.51,7.3,3.26,3.05,2.8,4.9,1.3,2.0
D,4.36,0.6,0.767,8.408,4.358,97.0,0.82,6.6,0.33,10.9,0.7,1.7,4.1,1.27,6.0,0.27,3.2,-0.84,2.58,-1.02,-0.4,3.5,-0.75,6.25,6.11,5.25,6.31,0.16,8.36,4.93,0.58,-0.3,-9.97,0.88,1.27,2.86,0.85,0.83,0.71,0.87,1.36,0.0,0.94,1.0,0.91,16.46,14.07,215.2,1.0,1.0,0.7,0.6,1.0,0.8,0.8,1.9,1.1,1.4,1.0,2.2,1.9,2.0,1.3,1.3,-0.075,0.049,-0.371,0.939,0.17,0.559,0.159,4.4,-0.12,-0.16,-0.45,2.84,1.41,-3.14,1.03,1.06,0.97,0.66,0.84,1.08,0.8,0.82,1.27,1.24,1.1,1.22,1.71,1.63,1.19,1.27,1.13,6.3,6.7,7.9,12.98,10.2,9.67,12.68,2.54,2.0,1.89,6.01,1.79,1.17
C,4.75,0.35,0.596,8.747,4.755,63.0,0.61,4.3,0.59,8.0,1.7,1.2,3.0,0.64,5.0,0.42,5.25,0.39,4.38,0.02,1.28,3.71,-0.27,4.18,5.75,4.81,5.94,0.94,4.49,5.75,2.31,-0.382,2.27,0.88,0.77,2.07,1.32,1.02,2.73,1.24,0.99,4.14,1.31,0.92,1.15,34.81,13.59,146.3,1.2,1.2,3.5,0.7,0.7,0.7,0.0,1.2,0.9,0.6,0.6,0.8,0.9,1.2,1.6,1.5,-0.233,-0.136,0.166,0.784,0.196,0.287,0.385,5.63,1.03,0.69,-0.57,3.22,1.45,0.84,0.79,1.05,0.91,1.24,1.28,0.72,0.67,0.55,0.6,0.73,0.58,0.7,0.64,0.7,1.39,0.82,1.03,4.6,4.0,3.7,3.89,5.5,9.12,6.06,2.85,4.84,2.54,4.05,0.49,0.61
Q,4.52,1.0,0.709,8.418,4.513,31.0,0.75,1.7,1.52,10.4,1.0,1.0,1.1,1.83,6.8,0.38,5.3,2.04,6.0,2.55,0.86,3.14,0.47,2.14,3.79,1.6,1.85,1.85,2.46,2.61,3.93,-0.659,-4.96,1.17,1.41,0.0,0.41,1.71,1.89,0.0,1.41,0.0,1.33,1.31,1.0,20.61,20.61,197.6,0.3,0.3,0.8,0.3,1.0,1.0,1.7,1.7,1.5,2.7,2.8,1.0,1.3,1.0,0.8,0.0,-0.092,-0.041,0.077,1.2,0.239,0.431,0.198,9.15,-0.79,0.11,0.03,-2.49,-0.27,-0.41,0.88,1.12,0.99,1.02,0.98,0.9,1.1,1.68,2.13,1.64,1.14,2.21,1.76,1.35,0.74,1.11,0.96,2.5,2.4,2.3,1.71,1.87,0.6,1.85,3.1,2.45,2.67,2.54,-0.38,-0.31
E,4.76,0.44,0.558,8.41,4.765,50.0,0.6,5.5,0.27,9.2,3.2,0.7,3.6,0.91,5.0,0.73,2.11,-1.36,1.7,-1.54,-0.93,3.89,-0.56,6.24,6.13,5.75,5.26,0.35,4.97,5.96,0.94,-0.356,8.86,1.5,0.98,2.64,1.25,1.16,1.26,1.59,1.19,2.15,1.76,0.6,1.18,19.27,19.78,142.6,1.4,1.4,2.1,0.8,2.6,2.2,0.3,0.6,1.0,0.7,0.5,0.6,0.7,0.4,0.7,1.4,-0.371,-0.285,-0.079,0.68,0.289,0.223,0.283,5.76,-0.24,-0.22,-0.8,3.64,1.13,2.36,1.19,1.05,1.39,1.72,1.58,1.14,1.64,0.9,0.61,0.9,1.04,0.68,0.6,0.91,0.79,1.15,1.17,4.9,5.5,4.7,7.05,8.57,8.71,7.91,3.37,4.46,2.8,5.73,0.58,0.5
G,4.66,0.6,0.756,8.228,4.663,24.0,0.77,3.6,1.46,13.9,1.0,1.0,2.3,1.2,7.1,0.08,6.51,1.38,6.58,1.42,1.29,6.36,1.3,2.73,2.93,3.52,3.72,6.47,3.59,4.36,10.99,-0.729,-6.64,0.85,1.0,0.0,1.07,1.52,1.2,1.27,1.3,2.11,0.41,1.51,1.25,16.26,19.61,228.6,1.2,1.2,0.2,0.5,0.9,0.6,1.9,1.0,1.3,1.9,2.9,1.8,0.3,0.7,0.5,1.2,-0.011,0.438,0.074,1.086,0.087,0.077,0.682,7.98,-0.25,1.18,0.4,-4.92,1.3,0.45,1.06,1.12,0.95,0.88,0.96,0.9,1.0,1.1,1.39,0.96,1.14,1.35,1.22,0.67,1.04,1.05,0.84,3.7,3.9,2.7,2.32,1.92,1.18,1.68,4.97,5.41,7.32,3.59,-0.45,-0.55
H,4.65,0.06,0.624,8.312,4.686,19.0,0.61,2.9,1.6,14.4,1.0,1.0,1.3,0.7,6.1,0.2,1.03,-0.34,1.11,-0.3,-0.41,1.07,-0.32,1.03,0.69,3.24,2.2,2.55,1.7,2.95,2.56,-0.67,-3.13,0.9,1.04,0.0,3.14,1.14,0.72,2.98,0.86,0.0,1.05,1.08,2.32,28.84,30.57,135.2,0.6,0.6,0.6,0.8,1.2,0.6,1.1,1.6,0.7,0.0,0.7,0.2,1.2,1.6,0.4,0.4,0.074,-0.184,0.38,0.922,0.159,0.592,0.187,8.89,-0.12,-0.19,0.17,0.71,-0.97,4.13,0.6,0.41,0.6,0.66,0.37,0.26,0.52,0.52,0.59,0.55,0.26,0.63,0.44,0.33,0.44,0.67,0.26,2.9,1.9,1.6,0.29,0.31,0.42,1.01,1.47,1.3,2.67,0.95,-0.87,-0.23
I,4.44,0.06,0.73,0.0,4.471,50.0,0.76,5.2,0.54,17.8,1.0,1.0,2.5,0.21,6.2,0.46,4.79,-0.05,5.29,0.11,-0.42,4.36,-0.19,6.28,7.21,5.65,6.22,2.38,5.2,4.84,1.96,-0.463,5.19,1.47,1.46,0.0,1.73,0.87,0.83,0.38,0.25,1.99,2.73,1.37,0.0,23.94,52.63,0.0,0.7,0.7,0.8,2.6,0.5,0.4,0.1,0.3,0.3,0.3,0.0,0.0,0.2,0.0,0.7,1.5,0.37,-0.016,-0.036,0.659,0.151,0.739,0.366,7.79,-0.59,0.11,-0.47,-1.22,0.88,2.23,1.18,1.31,1.05,1.33,1.12,1.67,0.94,0.15,0.03,0.15,0.44,0.07,0.07,0.03,0.66,1.01,2.01,4.9,5.3,6.9,5.41,4.79,5.6,5.7,3.42,3.2,3.3,4.04,0.34,0.36
L,4.37,0.44,0.649,8.411,4.373,71.0,0.67,3.9,0.39,10.6,1.0,1.0,2.4,1.14,6.0,0.26,2.3,-0.71,2.3,-0.71,-0.71,3.17,-0.34,4.76,4.68,4.45,4.5,0.87,5.39,4.24,1.14,-0.405,1.79,1.71,1.24,0.0,0.93,0.93,0.97,0.5,1.42,0.0,1.05,0.94,1.52,15.42,22.18,177.7,1.0,1.0,0.4,0.7,0.8,1.5,1.3,1.4,1.3,1.0,0.2,1.3,1.6,2.1,0.9,1.1,-0.254,-0.067,-0.025,0.977,0.236,0.383,0.236,5.41,-0.55,-0.06,-0.26,2.18,0.53,-1.14,0.94,0.9,0.87,1.08,1.05,1.31,1.6,1.43,1.43,0.97,1.41,0.88,1.37,1.24,0.95,1.02,1.08,4.0,4.4,4.7,2.87,5.24,5.42,6.0,2.3,2.64,2.86,3.63,0.7,1.0
K,4.5,0.35,0.594,8.38,4.498,44.0,0.68,7.0,0.98,13.1,1.7,1.5,4.5,0.48,4.9,0.55,7.55,0.25,7.68,0.3,0.14,6.26,-0.2,8.53,7.25,8.04,8.05,4.17,7.4,6.41,5.58,-0.455,-1.6,1.5,1.05,1.23,1.31,1.14,1.16,0.92,0.89,0.0,1.18,0.97,1.5,19.95,18.56,109.5,1.6,1.6,2.3,0.7,0.8,0.4,0.4,1.1,0.6,0.5,0.5,0.6,1.6,1.7,0.8,0.9,0.022,-0.153,0.47,0.76,0.01,0.689,0.15,7.08,-0.01,0.13,-0.11,1.96,-1.63,0.57,0.69,1.02,0.96,1.2,1.25,0.81,0.69,0.61,0.44,0.67,0.66,0.65,0.42,0.71,0.64,0.71,0.76,7.3,6.6,8.8,4.27,5.41,9.6,6.99,4.93,6.03,6.0,5.15,0.1,0.17
M,4.29,0.73,0.632,8.368,4.295,49.0,0.66,6.0,0.23,11.4,1.7,0.7,3.3,1.29,6.0,0.08,2.63,-1.16,2.6,-1.17,-1.13,4.8,-0.43,7.82,9.34,7.05,6.07,0.08,7.76,6.04,0.94,-0.371,4.04,1.79,1.49,2.62,0.94,1.01,1.33,1.26,1.43,0.0,0.83,0.73,1.36,20.12,18.19,182.9,1.0,1.0,0.4,2.2,2.0,3.3,0.5,0.9,0.8,1.1,0.7,1.6,1.7,0.8,0.3,0.7,-0.409,-0.246,-0.184,0.97,0.184,0.445,0.206,5.37,-0.45,0.14,-0.63,3.08,0.39,-0.07,1.41,1.04,1.11,1.1,0.94,2.3,2.07,1.7,1.34,1.73,1.76,1.16,1.43,1.88,0.92,1.07,1.31,5.1,7.1,6.5,16.56,12.93,5.86,10.66,3.51,2.58,2.67,7.77,0.68,0.33
F,4.35,0.44,0.655,8.236,4.346,47.0,0.7,6.1,1.01,16.7,1.7,1.0,3.7,0.77,5.0,0.49,7.51,0.66,8.38,0.99,-0.13,5.66,-0.04,4.43,3.51,7.41,5.2,4.33,5.18,5.87,4.68,-0.515,-4.75,1.96,0.87,2.48,1.57,0.96,0.97,1.38,0.81,1.24,0.77,1.38,1.18,18.92,21.09,142.1,0.3,0.3,1.6,0.8,0.7,1.0,0.5,0.6,1.0,0.5,0.6,0.7,0.9,1.0,0.3,2.1,0.136,-0.208,0.348,0.817,0.1,0.785,0.074,7.0,0.05,0.28,0.09,0.92,-2.09,-1.4,0.87,0.8,1.03,1.13,1.41,0.77,0.92,0.75,0.65,0.7,0.73,0.46,0.57,0.5,0.82,0.84,0.79,6.0,5.3,5.1,3.83,5.36,8.95,5.16,5.55,5.62,5.0,5.46,0.21,0.18
P,3.97,0.35,0.592,8.391,3.972,23.0,0.64,8.4,1.08,0.0,1.0,0.8,4.8,0.53,4.2,0.58,5.66,-0.37,5.29,-0.48,-0.12,8.51,0.48,6.8,7.72,6.38,7.09,8.14,6.32,8.2,6.17,-0.534,-0.56,1.54,0.66,1.63,1.13,0.7,3.09,1.89,0.46,6.49,2.39,0.78,1.4,38.14,37.16,52.6,1.6,1.6,1.8,0.3,0.9,0.6,0.4,0.6,0.5,0.5,0.5,0.1,0.2,0.2,3.9,0.6,0.37,-0.073,-0.017,0.591,0.051,0.39,0.049,7.99,-0.16,0.36,0.27,2.23,-5.36,0.3,1.18,1.25,1.26,1.14,0.98,0.55,0.65,0.56,0.37,0.32,0.3,0.32,0.2,0.33,2.74,1.08,0.97,7.8,7.1,6.3,8.29,7.95,9.4,5.81,7.48,8.87,5.62,7.69,-0.33,-0.22
S,4.7,0.73,0.743,8.094,4.702,32.0,0.74,1.3,1.06,13.2,1.0,1.0,0.8,1.17,7.6,0.43,2.51,1.02,2.89,1.35,0.26,2.22,0.77,0.8,0.47,1.68,2.1,2.21,1.06,2.31,2.2,-0.839,-17.84,0.83,1.23,0.0,0.98,1.96,1.58,1.53,1.27,0.0,1.22,1.12,1.33,23.36,19.78,271.6,1.1,1.1,0.3,2.1,1.7,1.4,3.1,1.4,1.5,1.1,2.1,0.4,0.4,0.0,0.0,2.7,-0.011,0.493,0.05,1.107,0.166,0.16,0.463,8.07,-0.33,-0.12,-0.61,-4.75,3.65,0.85,0.91,0.9,1.06,0.68,0.94,1.26,1.1,1.68,1.1,0.68,0.68,1.57,1.0,1.0,0.58,1.06,0.91,1.4,1.2,0.7,0.67,0.54,1.18,0.56,1.28,2.6,2.01,0.95,-0.27,0.05
T,4.63,0.6,0.646,8.415,4.63,43.0,0.67,2.0,1.0,10.2,1.0,1.2,1.4,1.13,6.0,0.14,2.3,0.08,2.33,0.1,0.04,1.88,-0.19,2.7,2.15,2.69,2.99,0.2,2.11,2.1,0.47,-0.54,4.22,1.59,0.99,0.0,1.03,1.87,1.33,2.71,1.27,0.0,0.4,1.08,1.06,23.07,22.63,188.1,1.2,1.2,1.1,0.7,0.7,0.7,1.5,0.9,1.0,2.4,1.9,1.1,1.8,3.4,1.3,1.0,-0.078,0.32,0.056,0.85,0.223,0.31,0.233,7.49,-0.18,-0.25,-0.49,2.41,1.74,1.11,1.15,1.01,1.43,0.96,0.83,0.83,1.36,0.66,0.89,0.46,0.83,0.76,1.02,0.89,1.65,1.4,0.88,2.1,2.1,2.1,1.74,2.8,1.49,2.27,2.2,1.99,1.98,2.47,0.13,0.37
W,4.6,0.44,0.743,8.183,4.604,60.0,0.71,3.4,0.89,13.9,1.0,1.0,2.3,0.74,7.1,0.46,4.08,0.53,3.51,0.2,1.29,3.28,0.07,2.54,1.01,3.42,3.32,3.42,2.75,4.55,3.13,-0.656,9.25,1.34,0.68,1.9,1.31,1.68,0.86,1.79,0.91,1.9,1.09,1.65,1.09,26.49,26.36,239.9,1.9,1.9,0.8,1.8,0.4,1.2,0.6,0.2,0.8,1.3,0.8,1.1,0.3,1.2,0.8,0.5,-0.138,0.381,0.22,1.02,0.066,0.06,0.737,6.9,-0.42,0.19,-0.61,-1.39,2.32,0.01,1.04,1.12,0.94,0.8,0.82,0.99,0.73,0.65,0.93,0.91,1.04,1.1,1.02,0.73,0.93,1.15,0.64,3.6,3.1,2.4,2.75,2.26,3.26,2.16,3.55,6.15,3.96,2.96,0.4,0.48
Y,3.95,0.73,0.809,8.195,4.224,18.0,0.9,4.5,1.44,16.1,0.6,0.8,3.1,1.23,7.0,0.22,9.12,1.44,8.78,1.31,1.77,6.47,0.39,3.48,1.8,4.4,4.32,15.25,4.51,4.95,13.73,-0.762,-10.87,0.67,1.09,2.32,1.26,1.61,0.45,1.31,1.12,0.0,0.83,1.74,0.81,16.66,20.28,182.2,0.9,0.9,0.2,0.9,0.7,0.4,1.1,0.9,1.2,1.3,1.6,1.4,0.4,0.7,0.7,0.7,0.149,0.001,-0.309,1.14,0.173,0.111,0.581,8.72,-0.19,0.02,0.06,-4.44,-1.68,-1.03,1.07,0.88,0.95,0.8,0.78,1.06,0.64,1.18,1.47,1.09,1.25,1.15,1.58,0.9,0.64,1.14,0.97,4.6,5.2,3.7,3.3,2.72,1.76,2.36,9.74,7.73,8.95,6.56,-0.66,-0.8
V,3.95,0.82,0.777,8.436,4.184,18.0,0.86,6.6,1.33,17.2,0.6,0.8,4.2,1.1,6.4,0.08,5.12,-0.6,4.66,-0.79,-0.19,7.55,0.36,5.44,4.57,7.0,6.19,14.34,5.27,6.07,12.43,-0.728,-3.97,0.89,0.88,1.62,1.11,1.56,0.64,0.95,0.93,0.0,0.88,1.7,1.01,17.06,21.87,157.2,0.7,0.7,0.1,1.1,0.6,1.1,1.5,0.8,1.2,0.4,1.4,1.3,0.7,0.7,0.2,1.0,0.245,-0.155,-0.212,0.95,0.285,0.356,0.301,8.88,-0.46,-0.08,-0.11,-2.69,-2.53,-1.29,0.9,0.87,0.62,0.58,0.67,0.76,0.7,1.14,1.18,0.81,1.03,0.94,1.08,0.51,0.53,0.74,0.77,6.7,6.8,5.3,4.05,3.57,3.1,4.1,10.69,9.46,10.24,7.47,-0.62,-0.65
