p_0,p_1,p_2,p_3,p_4,p_5,p_6,p_7,p_8,p_9,p_10,p_11,p_12,p_13,p_14
0.30668974,0.3049816,0.7623521,0.058873538,0.37703845,0.52254874,-0.27909377,0.65139675,0.18580985,0.066067524,0.57707626,-0.13492973,0.053841475,-0.27734256,-0.47580832
-0.16902333,0.025197832,0.39670756,-0.6497851,0.52420336,1.0580963,-0.7684542,0.4687978,-0.93948346,0.21614686,2.1522892,0.8631215,-0.15982391,0.7815573,-0.5048471
0.1335345,0.48268,0.6150939,-0.3395368,1.4013146,-0.623207,-0.5071782,-1.0951431,-0.024465837,1.5787745,2.2718441,0.2476319,0.91013753,-0.3903134,-0.002587937
-0.14255464,1.0442961,1.2758061,-0.0783891,-0.7808194,0.79727423,-1.865003,-1.6173309,0.9998458,0.39714575,0.28630522,0.44427407,1.6451002,-0.87978834,-1.7994113
1.9954681,1.2829354,1.2628552,-1.0147663,-0.3995317,-0.57097226,0.71122116,0.40954268,0.10922826,-0.013547353,0.13502973,1.1399485,0.4728215,-0.523959,-2.792735
0.9194344,1.1620375,1.5265273,-1.0583144,-0.59600675,-0.8589206,0.13824764,0.093204655,0.9290936,0.50487137,0.3626663,0.8598402,-0.06350816,-1.0891753,-1.9438258
1.2675025,1.0315213,1.1229033,-1.4354361,-0.5846668,-1.1593198,-0.058718365,-0.22266297,1.2599305,0.4689012,0.04666206,1.5050558,-0.50360435,-1.6916393,-2.4255974
0.46206605,1.0051913,2.0794194,0.9000847,-2.1742928,-0.01832991,0.10848036,0.4913827,2.2929225,0.84762454,-0.190729,1.5808799,0.64877677,1.1036053,-1.576382
-0.9044398,-0.92840946,0.88570654,0.21322252,0.98224896,0.23361613,0.15595444,-0.49098998,0.25778887,-0.003917105,1.4606848,0.8915936,0.97055006,-0.62378854,-1.321713
-1.23092,0.43623555,0.8709038,-1.012514,0.75642806,1.3557221,-1.2355856,0.7090211,2.2606657,0.7435335,1.2635262,-0.17549631,0.6214707,1.3202921,-1.1549006
-1.1816504,0.4199009,0.78078747,-0.99353737,0.58426154,1.6219004,-1.0559312,0.83627826,2.220934,0.6881216,1.0211606,-0.12298845,0.64088655,1.1641006,-1.0285776
-0.4092246,0.56447685,1.621085,-1.0446267,-0.24736123,0.28464997,0.41719452,0.42622063,-0.68564403,0.14523831,0.882663,0.4745402,-0.8442835,-0.31304088,-0.59014815
-0.34463227,0.6999311,1.6653316,-0.9624849,-0.28022772,0.39781994,0.45292363,0.47871077,-0.6387817,0.2141616,0.99139774,0.6726056,-0.9069479,-0.09052879,-0.5127116
-0.89579296,-0.41513455,1.0907935,1.6854477,-1.8669816,-1.3341851,0.8099967,-0.69584346,-0.09444978,-0.9605535,1.7183243,-0.0016652306,-1.0248936,-1.6165148,-2.7278113
-0.897428,-0.72583646,0.3394416,-0.22259283,1.3777497,0.94477093,0.48220804,0.725098,0.65297043,-0.037958924,0.77629215,0.8415835,0.243867,-0.020279331,-0.35065532
0.5185979,0.328648,0.9903707,0.17012657,0.48469603,0.64500135,-0.3475498,0.8999,0.17277724,0.055339135,0.65404373,-0.18808481,0.047241393,-0.22269404,-0.51555985
0.33108503,0.39883518,0.76542264,0.061318606,0.32437629,0.49363554,-0.3254604,0.6629087,0.23548658,0.113845006,0.4702269,-0.13494158,0.00046660367,-0.23569362,-0.4264696
1.0087477,1.1804916,0.29237014,0.7856022,-0.1724185,0.95664483,-0.29731944,-0.55727065,0.24311434,1.3399693,1.7699596,2.0228503,-0.4246558,-1.0722798,-1.9873939
-0.25610146,1.1043725,1.25031,-0.9433057,0.07469598,-0.074900046,-0.032346595,0.15538788,0.7243988,-1.4693455,0.874643,0.9780704,0.13322672,-1.2077143,0.47376502
0.32790795,0.35637096,1.1669364,-0.30223665,-0.15204872,0.25772613,0.52526206,-0.55578166,0.75015867,0.20329629,1.3996935,1.0727868,0.2995143,-0.06359946,-0.68470156
0.37347224,0.5418037,1.6070712,0.27840254,-0.3388887,-0.1950183,0.36777452,-0.28152406,-0.21023075,0.21161093,1.3296769,-0.30674097,0.62970203,0.2347435,-2.2354295
0.82975817,0.88082176,1.2859777,-0.10099686,0.04550598,-0.7563199,0.47478405,-0.49962464,0.19460613,0.13996689,1.7900822,-0.54275334,-0.12149803,-0.11580842,-2.098389
-1.6131995,0.4404987,0.9908692,-0.15299824,-1.8853924,-1.3659331,0.48334846,0.8745497,1.090543,0.15839463,1.5519607,1.5035397,-0.1134545,0.8101402,-1.5534949
-0.09584897,1.7318388,1.5259727,-1.4394218,0.5693118,-1.9310344,1.0230379,0.28179467,-0.024302885,1.5982361,1.443665,-1.7873311,0.50406945,0.55842185,-0.7696005
1.1320813,3.1878142,2.0850163,-2.73946,1.1538202,-3.3494048,1.7730588,-0.05261174,-0.81644315,2.2043,1.5823003,-1.1162666,-0.97138524,-1.1395249,-0.81828934
0.29548877,1.5604085,0.6578204,-1.544574,-0.07164496,0.59890795,1.3929768,-0.514713,-0.8249041,1.4107536,2.0048256,0.23774986,1.2546078,-0.09826317,0.39486766
0.3940529,1.37834,0.4566794,-1.6201751,0.09553955,0.60225743,1.3824363,-0.46473294,-0.8143252,1.3771938,1.8440397,0.014579109,1.3926883,-0.20178229,0.22696589
0.22210966,1.6128482,0.5360256,-1.565873,0.019147888,0.6599498,1.4598829,-0.2853435,-0.91954935,1.50712,1.9447439,-0.07141833,1.3027737,0.043789607,0.39274874
-0.16894062,1.7537503,1.0462564,-1.1570982,-0.1724698,-0.0682879,1.8649206,-1.0523518,-1.4679396,1.8368746,2.5131688,0.3382894,2.0619605,-0.21691285,1.1455827
-0.26786458,0.13888985,0.47312623,-1.0405723,0.13088305,-0.6990095,1.4987805,-0.9722482,-0.35762826,0.32586527,0.3071913,0.46983868,-0.09362218,-0.9001435,-2.1545687
-0.19315673,0.50259435,0.72959226,-1.347647,0.08394943,-1.0880697,1.673619,-0.8682744,-0.24657063,0.6382758,0.23064427,0.52213484,0.10077843,-1.0405625,-2.1961503
-1.6099516,-1.7568246,1.2792768,0.0031390637,0.39174792,1.4826486,0.66660786,0.0072673922,-0.14876804,-0.7938601,-0.19161735,1.5405334,1.8827773,-0.71862954,-2.2651289
-0.6431052,-0.7677136,1.0464435,-0.23603967,-0.4082628,-1.3528628,-0.41937444,-1.2862967,1.6833152,0.15690328,1.6116394,1.0023189,0.72725505,-0.20983517,0.07599831
-0.7551056,-0.42152256,0.64265996,-0.2627449,0.47645015,-0.8672675,-0.4119186,-1.9656268,0.17741969,0.1002375,2.0013773,1.5330455,0.5914135,-0.35333857,-0.6999671
-0.6180053,-0.12211243,1.0482026,-2.2412736,0.7749679,0.18330134,-0.53648865,0.42408752,-0.13867502,0.47110754,-0.40359405,1.4649311,0.014496836,-1.0886554,-2.3663263
-1.0511808,-0.66163933,0.7696475,-1.9692792,0.48513913,0.42662728,-0.95456725,0.52147937,-0.055737242,0.85250044,-0.23184347,1.4357488,-0.14303865,-0.88546383,-2.1722174
0.4832677,0.53542626,1.6444601,-1.5253768,0.22222897,-0.9384162,0.8370303,-0.8380658,1.1559563,-0.6418483,0.5328454,0.8260389,0.29191542,-1.9461056,-0.7501286
-0.26776785,1.0709714,1.2252276,-0.86397177,0.095856905,-0.05344645,0.037798528,0.05909837,0.65937704,-1.2914257,0.8680475,0.92667085,0.0010899407,-1.1117004,0.6045509
0.4275615,1.1303254,1.4182305,-1.3692032,0.103361115,-0.25301567,0.7445354,0.22988978,0.32682353,-0.9357046,1.1055175,0.57232684,0.30482274,-0.8902086,0.76063585
0.46363083,0.48027292,1.6670231,-1.476441,0.31005558,-0.93779707,1.0129663,-0.789708,1.0954181,-0.70391804,0.45364958,0.87551695,0.41378653,-1.943454,-0.6523472
0.77143675,0.68968076,0.6060949,-0.7620845,1.0880111,-0.7475313,0.3942214,0.66558135,1.2093955,-0.2815019,2.4726043,-0.099556014,0.8596684,0.44803932,-0.2718198
0.9891567,0.8117243,0.7104355,-0.26439908,1.534467,-0.66812974,0.4562103,0.59320426,1.11145,-0.45050296,2.4930258,0.34180152,1.1071663,0.25158966,-0.37279677
-0.14691608,0.5421645,0.7692946,0.085245945,0.22878365,-0.8017487,0.29171786,-0.21102807,0.65220344,0.40445244,1.4898099,0.23266186,0.64648175,-0.15383817,-0.005014591
-0.04593437,0.56309557,0.8215719,0.21608618,0.3623549,-0.51953495,0.086014874,-0.37013978,0.44805256,0.14552222,1.5149448,0.49803787,0.7111663,-0.25023186,-0.012738473
1.1474006,1.47805,1.273581,-0.9434103,0.8453322,-1.2800486,0.1343762,0.7858435,1.165404,-0.06351836,2.6113634,0.2813817,-0.5712841,0.7241345,0.3748813
1.3921022,1.8618525,1.3849214,-0.5289173,1.0750831,-1.1295806,0.16509937,0.56010634,1.1984702,-0.21028824,2.6496305,0.65237796,-0.3638416,0.5177602,0.5560689
0.02814881,0.40744787,0.53147405,0.09703285,-0.08501875,-0.7898191,0.054475967,0.04751746,0.79414535,0.38333324,1.4584464,0.46317652,0.15768094,-0.41683128,-0.15355062
0.104178905,0.2626389,0.6883998,0.28139272,0.13570733,-0.7091496,0.10367199,-0.1883004,0.8052755,0.30773076,1.4349521,0.57386506,0.29335436,-0.5731121,0.011587453
-2.3707612,0.00783483,0.011186146,-1.5311223,1.2897942,-0.31536838,0.19016229,-0.87619245,0.4631029,0.45194077,1.6092645,3.0743542,1.3403676,-0.837724,1.5606203
-2.4334912,-0.27834585,0.37829113,-1.295384,0.6967512,-0.12855281,0.35938567,-0.9383357,-0.07047592,0.84873027,1.1161857,3.2497356,1.4388382,-0.84598666,1.4685959
-2.4318957,0.040541776,0.45335236,-1.4451458,0.9087012,-0.7474485,0.41494924,-1.1232668,0.11142742,0.25224772,0.9713877,2.671453,1.7721643,-0.93358284,1.3944067
-2.5727127,0.2904381,0.1397373,-1.4968878,1.2378553,-0.44462276,0.25267088,-1.1740589,0.19578093,0.3540922,1.5809458,2.7997172,1.3885334,-1.1354628,1.6044006
-1.5611773,0.72852516,0.109715685,-1.2531157,1.3272042,1.1008182,-0.10991646,-0.2596251,-1.686472,-1.1076645,1.0205716,3.1958718,0.56536925,-0.7603764,0.8303914
-0.009441694,1.4040723,0.8242523,0.40297383,0.6526833,0.0141074695,0.1354692,-0.29016954,-0.085388236,-0.19439955,1.3042706,1.2827655,-0.11954154,0.73917043,-0.9983666
0.090641946,1.3548691,0.69690454,0.3752006,0.75101894,0.03665283,0.08499368,-0.2831245,0.081785485,-0.39402643,1.5482013,1.3186777,-0.3348144,0.8988484,-1.0214487
0.28485534,1.634815,0.9408412,0.06753711,1.1105585,0.53626543,-0.07631473,-0.63387597,-0.016088549,-0.11820976,1.5156814,1.1113733,0.24058188,0.7035939,-1.0900185
0.117986046,1.3562667,0.78393686,0.26764897,0.49210072,-0.07138873,0.23729756,-0.34948632,-0.17340676,-0.30422655,1.4218673,1.2236564,-0.31718287,0.9560892,-0.94962096
0.37375578,1.1129185,1.8473686,0.60060966,-0.29323992,0.81745577,0.32734534,-0.572847,0.261673,-0.54154724,0.6362243,2.6711419,0.48484182,1.1782024,-1.4240819
-0.65991974,0.03217116,0.5791387,0.062625065,0.6674222,0.6397198,0.3126025,0.49928662,0.6233188,-0.069732435,0.9483466,0.37111473,0.29801315,0.166435,-0.82236904
0.25661284,-0.028472587,0.8852504,-0.91062117,0.98909956,-0.3597461,0.71403694,0.26869556,2.2421594,-1.2675666,1.7445006,0.8128449,0.9007986,-0.067633376,-0.61628115
0.43057835,0.97158766,1.5416422,-1.3766251,0.06509161,-0.2472149,0.7086601,0.11004398,0.21197218,-0.90912807,1.3254415,0.4431377,0.2573437,-0.6827986,0.85496587
-0.8922177,0.7256318,0.6511928,-0.7173173,0.77782285,0.49211863,0.771887,-0.4664625,0.91787827,-1.2081615,1.2570009,1.1350254,0.47505563,-1.421244,0.53498703
-0.14234805,1.1793553,0.82007366,-0.09948705,-1.477668,0.60964805,-0.25132003,0.6503165,-0.18394145,0.6503806,1.6525311,-0.8098622,0.62706596,-0.45799768,-0.45159712
1.0146754,0.19618705,0.85233235,-0.83491653,0.5291028,0.6110337,1.0097882,-0.40471864,0.5125516,1.104434,0.71502376,1.5014215,-0.84366775,-1.6733334,-0.67368764
0.53052527,0.591517,2.335471,-0.30584872,1.1717266,0.12336494,-0.8478369,0.17939703,-0.6810868,0.54926735,0.5767566,1.1594815,-0.5722464,0.116358645,-0.8675572
-0.3422206,1.402286,2.5147734,-0.27488974,0.6129287,2.5236247,-0.016075976,-1.2680813,1.4388433,0.4122792,0.14255565,-0.2131862,0.17052202,-1.0539066,-0.8873092
-0.01855258,0.6397902,2.3352556,-0.38123515,-0.7507074,2.4945982,-0.29680204,-1.0851715,0.5297765,-0.38331383,-0.028043088,1.0528255,0.3381329,-1.1022837,-1.1600617
-1.1838188,1.521383,-0.23099938,-0.08356947,1.734431,-0.17739937,0.21810736,-1.4995956,-0.3246689,-0.03206763,1.9817474,1.8921812,0.37321395,1.1529791,-1.0776846
-0.35555786,0.06467218,0.46425974,0.9890268,-0.98796254,-1.6895232,1.5064712,0.25140542,0.038817003,1.0282927,2.4978616,1.5412091,-0.23831165,-0.19477761,-1.3053247
-0.17111935,0.30759114,0.0916826,-1.1279845,0.25158972,0.28180343,-0.13580164,-0.95445263,0.44237915,0.13037491,1.296132,-0.32769677,-0.09159722,-1.1502582,-1.3876842
-0.3306313,0.0002621188,0.42996302,-1.5603741,0.10976668,-0.06357037,0.60497385,-0.5344439,1.078751,0.20616274,0.7493871,-0.5222748,0.27798307,-1.5839525,-0.7591209
-0.6613,-0.98901254,0.47582105,-1.4402744,0.6120625,1.2701344,0.969102,0.80755854,1.5064485,0.7612007,1.2244043,-0.1422723,0.5061644,-0.39840811,-2.8402371
-0.21198563,1.3143159,-0.16851807,-0.6489431,0.009972672,0.71450466,-0.8617029,-1.2910978,0.8479846,0.88959616,1.5665866,1.0474511,-0.8483339,-0.6686527,-1.6011381
-0.48562473,0.1682448,0.29635498,-0.9366104,0.5275067,0.82745063,-1.2322931,0.14374548,1.1926724,1.1298689,1.5667183,-0.36909938,-0.7065135,-1.7067097,-2.4713352
-0.4488302,0.2513288,0.40553203,-0.2812415,0.77289265,-0.1563061,-0.022760453,-1.3192495,-0.47979143,0.98258024,0.6551426,0.6411308,-0.32714242,-1.0564215,-1.7031171
-1.0177101,0.459023,0.7538146,-0.22133118,0.80672795,1.0835152,0.45275873,-0.60001075,0.099940255,0.6235699,0.5619557,-0.29965812,-0.35884395,-0.5885821,-1.8884609
0.52550393,0.69894105,0.57090247,-0.8496896,-0.056763563,-0.50523716,-0.040006116,-1.1907955,-0.07284577,0.19815433,1.716399,-0.77527034,-0.24679534,-1.1585119,-2.073417
0.72776127,1.3715442,0.073264964,-1.063484,-0.41456476,0.5071072,-0.39677373,1.9579977,-1.6217124,0.7671865,1.8373885,0.66967434,-0.2775748,0.34579635,-1.7263112
0.40386784,0.6107526,1.9070239,0.19748677,-0.27639666,0.212877,0.8812393,-0.35261187,-0.049192186,0.11953254,1.1600645,-0.8236128,0.5737618,0.26281157,-2.8757417
-0.84841967,-0.18146203,0.48463383,0.80022234,0.81183755,1.0690622,0.4586438,0.12887102,0.31452024,-1.9015728,1.554862,0.17546548,0.25841764,-0.8021576,-0.61045974
-0.056532275,-0.2310113,0.546233,-1.1944826,0.44128758,0.63819164,1.3814632,-0.49428305,-0.6337782,1.3060616,0.34808722,0.18852343,2.2183075,-1.5367322,-0.33484992
0.09752291,-0.44431376,0.68361396,-1.2038977,0.9502428,1.0864254,0.7535914,0.19114493,-0.7058133,0.44068167,0.724167,-0.3106628,1.8385477,-1.4976368,-1.2258574
0.05478134,-0.33483082,0.7648672,-0.987373,0.62556684,1.1655347,0.98293084,0.1790422,-0.6717073,0.44310868,0.81486386,-0.4564658,1.8586179,-1.4998907,-1.0838602
0.33929852,0.5837672,2.2497978,0.34495112,0.6030557,1.0136971,0.41145027,2.0907505,1.5460321,-0.20862152,0.7140007,-0.02566807,0.39452177,-1.0297753,-0.5567213
-1.3903328,1.4074169,0.7503223,1.0905129,1.1179161,0.52971977,0.21857369,1.1491654,1.0097103,1.5477298,-0.09754518,2.5221837,0.44815502,-0.45780012,-1.8434808
1.4539244,1.5995109,0.95497566,-1.1227956,-2.0187109,0.04819104,1.6178749,-0.38171875,0.0009951472,0.9930645,1.3012924,0.49259523,1.1752107,-1.1604521,-0.940221
0.76825905,1.9550529,1.0486058,-0.25727588,-1.4648501,-0.45809194,1.9724271,-0.8546359,0.40854743,1.6426466,1.0970831,0.42092603,1.5977867,-0.9079396,-0.9466173
-0.4768007,0.4557735,0.36529177,-0.4927986,0.011514371,-0.5300194,0.6072304,-0.36911184,0.42615604,0.16290402,0.4913459,0.8445188,-0.46970654,-0.6468397,-2.1275327
-0.55411696,0.4778072,0.34609658,-0.3575869,0.0070571285,-0.34601048,0.5705755,-0.29106054,0.24976598,-0.049359657,0.60572416,0.81166303,-0.350879,-0.6723969,-2.2073958
-0.4793138,0.78283906,0.8626053,0.06874953,-1.4452823,0.877458,-2.2060895,1.0338186,0.11038768,0.8377275,2.3211489,0.14641865,0.8119322,-0.86516726,-0.9885212
-0.100998186,0.23414002,0.07589962,-0.11121568,0.16572641,0.2280322,-0.24795595,0.1246178,0.34136364,0.57927,0.22086287,0.51990247,0.286637,-0.21145898,-0.5451108
1.0834702,0.34984797,1.887977,-1.7363689,-0.8161161,-0.56538755,-1.7345921,1.2833652,-0.6724611,0.10557223,0.96125597,-0.6094193,0.57156426,0.07805657,-1.4809583
0.68746066,-0.051199995,2.1209373,-1.6486535,-0.7527988,-2.006587,-2.408641,1.3713151,-0.108774126,-1.2985302,1.629492,0.99937356,0.6665749,0.87628835,-2.1806166
0.57661617,0.5039274,1.3266853,-2.1056128,-0.9545078,-1.3699615,-0.33347216,0.55565447,0.32020715,-0.60910934,1.5612984,0.64937234,0.7429989,1.5317875,-2.263604
0.16463718,0.43025324,1.1419768,-1.5753624,-0.4079045,-0.6009934,-0.7998163,1.2025393,0.24878933,0.12435823,1.3972222,0.07257449,0.4450394,0.4728508,-1.4353231
-0.09160049,-0.30081353,1.4969975,-0.90237594,0.63412356,0.39641625,0.8990791,0.5182666,-0.1170597,0.6329757,1.1495543,0.29187718,-0.8116251,0.94117385,-0.80808634
-0.25177023,2.23591,0.65584475,-0.04345914,-0.5704741,-0.25377086,-0.7361992,0.03943741,1.0639563,0.73322463,0.4657525,1.7082168,-0.7649283,0.041992854,-0.45940566
-0.22741829,1.9539527,0.3675148,0.18936877,-0.3800391,0.19495133,-0.61858493,0.20778687,0.6894747,0.42432594,0.45848793,1.7855501,-0.6640683,0.11433445,-0.6004882
-0.24401355,1.8300774,0.44869986,-0.039502297,-0.5921883,0.03861831,-0.83548003,0.39654282,1.0480773,0.41358376,0.5050974,1.6710454,-0.806364,-0.07143539,-0.56418025
-0.38727555,1.7270992,0.43295792,0.14219162,-0.579908,-0.0050324486,-0.52728933,0.48979023,0.67186725,0.50864846,0.74192363,1.4578851,-0.735422,0.005676656,-0.504145
-0.39064613,1.4454507,0.6855369,0.4547242,-0.3991733,-0.60781044,0.26945826,0.3616144,0.062078103,0.21731527,0.9149641,0.6768403,0.0632909,0.09557854,-0.9453553
-0.63798165,1.185366,0.45944846,0.6814673,-0.3688125,-0.43096015,0.5188376,0.38041356,-0.11254027,0.19890177,0.8712428,0.47607693,0.18136534,0.44283414,-0.6838279
-0.76672924,1.2809196,0.35226035,0.95125836,-0.28954735,-0.28014743,0.57122624,0.6461844,-0.24138258,0.24865568,1.1341506,0.35498345,0.24145895,0.37239754,-0.6498758
-0.29548186,0.90031403,0.45526525,0.049319863,-0.45998994,-0.16009788,-0.2202216,0.3923228,0.42652413,0.43325296,0.5915629,0.8758049,-0.40415972,0.009802361,-0.72930753
-0.61440283,0.8828745,0.41910115,0.39126495,-0.41296956,-0.015097692,-0.013122998,0.27077162,0.14273205,0.3741155,0.8475023,0.9506644,-0.17137799,0.03451163,-0.8813884
-0.5558522,0.65352625,0.42405608,0.3860963,-0.4496819,-0.13903308,0.021498663,0.33264336,0.23319522,0.4660908,0.8469741,0.80377406,-0.12617588,0.18101013,-0.8729538
-0.5813269,0.6122425,0.4171993,0.33865526,-0.5174568,-0.16568263,0.11395129,0.33546683,0.16696827,0.5018907,0.9957564,0.6950039,-0.10255467,0.15428798,-0.88754296
-0.5915683,0.6719045,1.0416505,-0.18088949,0.26679006,1.0869946,-0.45318317,-0.71374893,-0.6312766,-0.090922,1.8086444,1.4938846,-0.71600676,0.87477785,-1.1149681
-0.91600347,-0.93951505,0.8768329,0.051853053,0.9421716,0.1986691,0.16603853,-0.44269252,0.25872004,-0.08973313,1.4460112,0.8099705,0.96192056,-0.60132015,-1.1663098
0.14962822,-0.05306782,0.69303375,-0.75833213,0.09464311,0.7131092,0.079889335,0.35556704,0.5630843,0.3872639,0.72520566,0.38816166,-0.071673095,-1.4776694,0.015487134
0.031849876,-0.25586277,0.89345425,-0.28140217,-0.4536926,0.74259156,-0.43396807,-0.4714826,0.7756343,1.163218,2.002607,0.07863236,-0.37337297,0.094878554,-0.8020969
-0.8320699,-0.65262604,0.9358984,0.009873637,0.7861403,0.9587854,0.24709585,0.27774802,0.21494637,-0.4158172,1.5734953,0.38434425,0.69019115,-0.5395285,-0.8272349
0.23089339,0.13721627,1.6108414,0.23376009,-0.5056162,-0.63943344,0.50064546,1.221405,-0.10108689,1.2915035,1.1742605,0.8462658,-0.61098796,0.7902083,-0.7075186
-0.2678116,0.5880783,1.092427,0.6701898,-0.19355382,-1.0314496,0.66014403,-0.5885197,-1.6180167,1.3813711,2.1512587,0.03491594,0.91083276,-0.10338243,-0.13368562
-0.6364065,0.59381866,0.95716715,-0.20175508,1.7554436,0.4095356,-1.7911371,-0.41316104,-0.7276864,0.9797503,1.2484062,0.27789026,0.53025734,0.6228511,-1.2049643
0.3553659,0.19054966,1.2717186,-0.23708604,-0.6341503,0.27901444,-0.6805538,2.0040016,1.8907974,0.8143471,0.6768473,1.6409279,-0.042720716,-0.053753883,-2.296619
-0.3839361,-0.2754445,0.36000648,-0.9414691,0.19349012,0.9119301,-0.31378293,-0.38873717,1.2857473,0.6395854,1.4652721,-0.64521277,1.2323161,-1.257931,-2.1757798
-1.3741817,-0.5648597,1.1882975,-1.3050886,-0.5564216,0.30132267,0.5363804,-0.7565639,1.4534038,0.5797298,0.9257646,-0.41814142,1.2141407,-1.418088,-1.1684912
-0.5828696,1.5192667,2.3234165,-0.7072299,0.7443944,-0.26161352,-0.43439493,0.5000799,0.37793386,-1.166943,0.1323166,0.7813227,-0.046394948,-0.77687997,0.72465044
-0.1426702,0.70991004,2.5606408,-0.16713223,0.6855891,-0.034041125,-0.22179262,-0.007912626,-0.11087938,0.25270006,0.2602647,0.6916211,0.10946612,0.5811914,-0.5825633
0.29940313,0.49936438,2.8643665,-0.29631823,1.2815104,-0.46383372,0.47698,-0.31842995,-0.77480036,-0.35323384,0.46381345,0.7834941,0.22701868,-1.3470354,-0.09399446
-0.054427665,0.33771154,2.2710743,-0.09894464,0.8518446,-0.21228237,0.057578247,-0.12824936,-0.9962986,0.25552842,0.4099294,0.71947414,0.019219285,-0.61987513,-0.5811398
0.27761105,0.22608459,2.6863222,-0.217025,1.1496238,-0.09158317,0.59303015,-0.61063325,-0.6728994,0.3489436,0.58369255,0.63843495,0.18905357,-1.3612143,-0.16250262
0.8693531,0.73797613,2.958841,-0.5522078,1.7582178,-0.59821296,0.36529455,0.8902253,-0.07573399,-0.97291565,1.0118986,0.5820844,1.2290126,-0.5520746,-0.1414215
0.34184545,0.46074253,2.8068461,-0.36587873,1.1103792,0.032883216,0.16395597,-0.04625286,-0.7629961,-0.022160769,0.86368346,1.1436973,0.057817176,-1.2335148,-0.4326538
0.231314,2.004552,3.0024772,-0.42787308,1.0243942,-0.4548689,0.4048967,0.4009855,1.1303165,-0.68226796,0.27720615,-1.2644932,0.6113083,-0.40393686,0.32367826
-0.15418814,0.5030522,1.6862416,0.5311244,-0.9924858,1.3767753,0.08742402,0.1841646,0.5464057,-0.34823167,0.25907248,1.2181516,1.1350988,0.29983142,-1.4551016
-0.35235202,-0.07611035,0.9921075,-1.4698402,0.44032738,0.20769614,0.044182606,0.41529658,-0.9162768,0.6336322,-0.31864262,1.2147721,0.25852808,-0.9754059,-1.8802261
-0.3849817,0.45328593,1.028252,-1.3614383,0.1128646,0.16091533,-0.75696,0.62118036,-0.6408228,1.1534626,-0.7047487,2.076213,-0.29289693,-0.96686953,-1.1842375
-1.4748806,-0.945643,0.67573905,-0.37170446,0.93632877,1.7392735,0.5533255,0.69563556,-0.007191338,-0.32559898,0.71938366,2.099283,-0.075130545,-2.6168432,-1.7464464
-0.62657374,0.07859238,1.1568829,0.47082248,-0.47705624,-0.5746575,0.55119854,0.42555168,-0.47966564,0.599602,0.99809235,0.60100967,-0.6224033,-0.3247285,-1.4933262
-0.6800452,0.55616796,0.45051414,-0.15825723,0.07799116,0.63725483,-0.42089877,-0.16869739,-0.3138964,-0.13458033,1.455006,0.8619694,-0.21734649,0.6406764,-0.21822587
-0.87083936,0.20085032,1.1627727,-0.13970058,-1.2120895,0.49973017,-2.096001,0.82866675,0.3680681,1.0562869,2.060833,-0.2913072,1.2369022,-0.9695775,-1.2675289
-0.7098766,0.5157775,2.6179328,-0.3168602,0.99856514,-0.64441717,-0.5605732,0.12523355,-0.99550736,-0.861289,0.664149,0.47583488,0.5659743,-1.0738704,1.1416372
0.5050247,0.619521,2.3789504,-0.37048417,1.1557662,0.01311611,-0.9106141,0.22224773,-0.6857118,0.50185,0.5345456,1.1703132,-0.63893515,0.08091281,-0.87446475
0.074503325,0.8909193,0.5698075,-0.17852043,0.31135765,0.04074537,-0.09724299,-0.8795194,-0.25111693,0.41239965,0.8664547,0.6415011,-0.2559489,-0.49934983,-1.1854438
-0.45989665,0.24659906,0.7373299,-0.4235891,1.9909649,-0.6516867,-0.4582223,-0.94254714,-0.16451101,0.24494863,2.255446,0.27855358,0.577414,-0.45181358,0.5520941
1.6204951,0.98147184,2.2429078,-0.8612542,0.82187855,0.98373663,0.82240605,1.6310474,-0.6998834,-0.35063407,1.0901065,0.6131124,2.0961356,0.8153233,-0.52044326
1.2953393,1.7146745,2.8102074,-1.0278281,0.060246177,0.99516404,0.527865,1.544385,-0.4728459,0.1981348,0.9817571,0.90557075,0.6125339,0.84556,0.17068824
0.53949547,0.8598401,2.1418128,-0.364103,0.7158419,0.7166267,0.62538815,0.9801929,-0.752497,0.041856013,0.93043995,0.67237246,1.6140534,0.5309576,-1.130235
0.40005782,1.9719914,2.7878811,-0.73794013,-0.21798514,0.7532265,0.47260484,0.72999465,-0.4937298,0.49373186,0.9613598,0.9987995,-0.1579165,0.5958287,-0.18716842
1.0052438,1.8624481,1.1520193,0.9068571,-0.57581806,-0.07491848,0.057568964,0.15280344,1.0884502,0.11720685,1.0635391,-0.1126739,1.0696118,-0.29556146,-2.0026565
0.94148934,1.9927053,0.89094716,0.8677843,-0.44420955,-0.09320952,-0.12020312,0.010002071,1.0715895,0.19381005,0.99576056,-0.15977082,1.294551,-0.08986938,-1.7839991
0.9704079,1.8539361,0.9644589,0.7919991,-0.35705316,-0.16864032,0.15813299,0.016828746,0.62981373,0.13518879,1.1051997,-0.27895352,0.94519037,-0.10833715,-1.4870334
-0.76863456,0.53510594,-0.9938568,-2.3146238,0.2784124,1.6023201,0.70840865,-0.32753122,1.2628499,2.001223,1.84154,0.10951611,1.2126862,-1.1498462,-1.1875503
-0.46777293,0.59937876,0.2208708,-0.4484431,0.102365084,-0.5073815,0.55908096,-0.29186738,0.41183668,0.28256804,0.5120986,0.79279697,-0.37285402,-0.5276547,-2.168241
0.53227043,-0.32431296,1.8181347,-0.16509448,1.1696739,-0.040502366,0.972709,-0.95976615,-0.97661865,1.171732,1.6533002,-0.93869084,0.894901,-0.16896048,-1.1889833
0.77453154,-0.30334848,1.8014822,-0.24064268,1.0081878,0.03555566,0.90103924,-1.0632797,-1.1615323,1.0663443,1.8139092,-0.936832,0.93263036,-0.015513497,-1.2930574
-1.6144837,-0.41219667,1.0269278,-0.064648055,-0.055189595,0.41374132,-0.11639454,1.8049307,2.0562127,0.9172107,1.6049213,0.5895089,0.9169712,0.84968024,-1.1217372
-0.56378794,-1.306825,1.1832523,0.5875903,1.1277083,2.0232372,0.8820356,0.3410513,0.2649693,-0.6479869,2.5401678,-0.04442351,1.4224013,-0.89248574,-1.6007282
-0.7398373,-0.4409624,-0.47772494,-1.5554672,0.8227419,0.77188253,-0.16716683,0.6370984,-1.1517042,0.26637253,2.9317427,0.25160104,0.9312702,0.98491645,-1.1022766
-0.42130607,-0.21919194,1.1858307,-0.37632594,-1.7323815,-1.4183748,1.0470744,0.17422424,-0.7985342,-0.3941818,1.5820347,1.3208877,-0.029850675,0.65907615,-2.2039664
0.7449404,0.94882447,0.62656057,-0.84705216,-0.12598023,-0.58008665,-0.25768802,-1.2857577,-0.3892103,0.24698316,1.7631531,-0.67948806,-0.23446348,-1.0883557,-1.9555106
0.80037934,0.29225573,0.3642201,0.16850783,0.87578636,1.3394955,1.2862089,0.7453014,0.13462578,1.2316357,1.510302,1.3167703,1.7023438,-0.94200915,-0.2732727
-0.11610136,-0.3628325,1.0534495,-0.029554106,0.17125551,1.3546405,-0.3536091,-0.27432507,-0.24609797,0.6360328,2.3195987,0.6044957,2.4491603,-0.93418235,-0.14167145
0.33244947,-0.15930502,0.89726436,0.22371416,-0.30602267,1.1013383,-1.0494285,-0.07799406,-0.0626411,1.0572401,2.8457704,1.0494932,1.9415436,-1.0588431,0.08160799
-0.44158244,-0.57819486,1.6755378,-0.6252316,-0.59486896,1.189723,0.89336175,-0.21995123,-0.925211,0.9243245,1.1917499,-0.36562106,2.0899892,-1.5598829,-0.9060973
0.106406815,0.4604321,1.355108,-0.09530264,0.35841128,-0.21331732,-0.48109025,-0.03683926,0.12193931,0.3397496,1.7043973,-0.22896317,-0.077890396,-0.34007382,-0.59917974
0.92047286,0.61785567,1.4912423,0.7254454,-0.27344045,-1.128354,-0.84265757,-0.33073866,-0.63257957,-0.00939284,1.8841687,-0.69064426,0.016684221,-0.67499435,-0.7408881
-0.9763075,1.1031886,0.37401125,-1.8212495,-0.6758039,-0.79030436,-0.054741263,0.616562,1.0926703,-2.1665955,1.0887512,1.8791217,0.26449254,0.10105955,-0.005200784
-0.19540259,1.280361,0.45642775,-2.5449548,-0.8833605,-0.94595957,0.5453941,0.6277205,0.20856467,-1.7869593,1.7710513,1.4872727,0.2696176,0.6498665,0.826563
-1.5244429,1.0673717,-0.33196542,-2.1501133,-0.017034646,-0.8977216,0.4655568,0.6159009,0.6413475,-1.3532242,1.2842464,1.6728573,0.21432018,0.13283138,-0.6779178
0.38891453,1.2409267,1.1626793,-1.6399759,-0.9654607,-1.0615789,0.66776574,0.68403256,0.4030082,-1.6673882,1.6420027,1.7512082,0.22288483,-0.36822584,0.18049759
0.57256436,0.9847316,1.3645872,-1.9940823,-0.78936166,-1.2536992,1.4202347,0.42310128,-0.25120637,-1.2145215,2.2394328,1.1164057,0.6259656,0.111166075,0.389312
-0.27103212,0.45997012,0.5627997,-1.8772788,-0.3234214,-1.0233645,1.0123068,0.5183858,0.30748445,-0.99107236,2.203654,2.0162234,0.09674889,-0.24833786,-0.678247
0.059685607,-0.042943113,2.6851182,-0.45799217,0.16772932,-0.43613815,-0.31140584,0.12753634,-0.90660954,-0.8346679,1.4406413,1.3925095,0.121965125,-1.0457952,1.1326761
0.9213884,0.8239381,-0.18429866,-1.1707308,-0.43399286,0.83505034,-1.1586641,-0.18822275,1.0562471,0.87784797,-1.0602802,1.6891297,1.3962653,-1.38586,-2.5345304
-0.35825342,1.0159686,0.47826278,-0.47026983,-0.048615426,0.6180658,-0.26040602,-0.097144745,1.2849995,0.8330852,-0.4140004,0.94465506,0.64556116,-0.67943573,-2.0723603
-0.35871542,0.9650824,0.41236138,-0.54505897,-0.15388556,0.67844087,-0.3082999,-0.15832622,1.387156,0.90428054,-0.21443023,1.0678788,0.7985476,-0.80816424,-2.0571005
-0.5422553,1.1973871,1.5159838,0.04139459,-1.0198761,1.0251518,-0.15931329,-0.6151668,-0.6733371,-0.034149565,0.62881696,2.2757967,0.8007583,1.200469,-1.3627242
-0.20033376,1.1961462,1.1585964,-0.8080566,0.08392034,-0.08830746,-0.04416588,0.108305804,0.6409495,-1.3365924,0.8959071,0.8162324,0.09469456,-1.0271647,0.37363726
0.3371103,0.29731363,1.2957487,-0.35445327,-0.09471328,0.2359695,0.54395896,-0.5493228,0.85418725,0.011079458,1.3966463,1.077407,0.3158731,-0.045599636,-0.5877075
0.21772724,0.028219143,1.4119543,-0.52103376,0.47105357,-0.24347287,0.40277502,-0.28184462,-0.7894173,0.09429559,0.9126933,0.8967833,0.27950215,-1.018541,-0.4178194
0.15295061,1.9785676,1.565477,-0.6658361,0.88055664,-1.3622828,0.31047013,0.3042323,1.0647594,-1.0207996,0.93422335,1.3742205,-0.6531554,-0.60094404,-0.33175144
0.6040002,0.24417756,1.9812515,-0.75058556,1.0379969,-0.6830284,0.677636,-0.45222992,-0.7549368,0.22495048,0.94119495,1.4016169,0.41280305,-1.5053669,-0.049904
-0.3838863,1.8411189,1.6159111,0.34413618,0.49061626,-2.377453,0.32621607,-0.4835703,0.24014188,-0.88671887,1.4651977,-0.0086303195,0.7665453,-1.037823,0.62143654
0.012298838,0.17995311,1.0744271,0.00984786,-0.10861645,-0.30567238,-1.0570879,-0.22752602,-0.3705507,-0.61886024,0.8449367,1.049955,-0.62512267,-0.6338785,-1.8348196
-0.026047867,0.35720712,1.7790757,-1.7006187,-0.6223446,-0.054834068,1.0647168,0.19180283,-0.61208624,-0.28673947,1.1042814,0.42693844,-0.53212255,-0.08104356,-1.125363
-0.114219874,0.28707168,1.9027709,-1.497892,-0.8739451,-0.16431996,1.0666912,0.17496897,-0.6067674,-0.3114114,1.2197597,0.53926104,-0.4842169,0.007823936,-0.8221618
-0.33870217,0.79637176,1.6272852,-1.193717,-0.11248802,0.33459404,0.43236092,0.43412834,-0.82572085,0.057531353,0.8301573,0.5367142,-0.7475567,-0.18970524,-0.5312953
-0.2335398,0.8696489,1.6656568,-1.0713569,-0.25388867,0.2641676,0.35900617,0.41506243,-0.72687906,0.08554688,0.9186029,0.46103832,-1.0020903,-0.14042503,-0.5247656
-0.08585225,0.987775,0.67269856,-0.34885383,-0.27865386,0.55269724,-0.12413845,0.62545913,0.27352807,0.4088137,1.0731323,0.8645746,0.06731789,0.11039134,-0.2875129
0.5586457,0.20175986,0.61285937,0.15363242,0.2822119,1.1175892,0.81791925,0.03802128,0.26386172,0.74952525,1.2679293,0.20920566,1.1660527,-0.3632441,-0.3085054
0.42100328,-0.34145054,1.9790725,0.51152277,-0.8026714,1.6308681,-0.6710242,-0.16364469,0.03095251,0.45209935,1.0674984,1.5614779,1.6285899,0.2604672,-0.41108164
0.34872267,0.07648113,1.6649615,0.57932407,-0.48142186,-0.5975825,0.51392406,1.4661926,-0.27227524,1.0260962,1.4034156,1.5677359,-0.45738107,1.0375189,-0.88340515
-0.075471565,1.1918057,1.2578206,-0.867531,0.09348923,-0.08224573,-0.04432849,0.14689465,0.6615498,-1.2875812,0.7605663,0.8422071,0.025555752,-1.0344695,0.32852072
0.167118,0.09981877,2.0101159,-1.2521846,1.1679449,-0.29247123,1.2531825,-0.61999863,0.6303831,-1.0486864,1.1527928,1.0313945,0.4446278,-1.2898066,0.16573843
0.36154622,1.5045899,1.5830921,-0.6948009,0.3647507,-0.28577995,0.5998939,0.04835126,1.6215969,-0.9832497,1.2236733,-0.8149292,0.6008598,-0.9394287,0.19839846
0.5687265,0.7386992,1.2351248,-0.28130758,-1.2367204,1.1012121,0.7961551,1.7762055,1.2269104,1.6355273,1.1062188,0.1303963,-0.5086197,-1.8643545,-0.8195295
0.49702084,0.70818037,1.0944612,-0.25162438,-1.3523183,1.1935711,0.9636241,1.9353716,1.2308522,1.7192613,1.2789518,0.14529452,-0.32768446,-1.7070204,-0.99874437
0.15843117,0.7224209,0.8459651,-0.3083138,0.8011455,0.8248049,0.94480366,0.8252341,-0.29782662,-0.45341516,1.0807345,0.22541659,-0.7104707,-1.3009658,-1.5523778
0.12752081,0.85273147,1.0113994,-0.522272,1.0242609,0.9889828,1.5577922,0.77064633,0.43241584,-1.1684256,1.122398,0.42955965,-0.3517649,-2.2553594,-0.8662449
-0.4008655,1.1427051,1.2081671,0.12167006,0.86027956,0.17425855,0.77169466,1.2443174,-0.8126087,0.4768191,1.1575018,0.15190703,-0.51402414,-1.6762917,-1.258134
0.029816266,1.1264336,1.3378469,-0.18138143,1.4613758,0.14877307,1.0826958,1.1047459,-0.2133952,-0.29639292,1.2496675,0.42398977,-0.22864442,-2.887682,-0.1605471
-0.22095948,1.025866,1.243714,0.6722552,0.35095555,0.9077401,0.96325845,1.3947626,-1.1127789,0.4682839,0.7663592,0.8726571,-0.39123556,-1.4511232,-1.5690626
0.14476277,0.8567613,1.0751542,0.110392936,0.954839,0.29412675,0.28652322,0.90109414,-0.14381796,-0.6656479,1.0657836,0.49776104,-0.0011372812,-2.0808213,0.018624723
-0.08170789,0.99051434,2.8098545,-0.5126463,-0.08603082,1.7944907,0.08264117,0.08194807,0.7419644,0.026428591,-0.22536147,-0.5964377,-0.37079835,-2.0864105,-1.3664625
0.27382463,0.8523075,2.826637,-0.5838649,0.6963685,0.9948094,0.34146988,-0.2793694,1.3966503,-1.0261412,0.24981807,-0.31923354,0.24103498,-2.7570984,-0.2738793
-0.9816792,0.6060095,0.828481,-0.53889006,1.0166585,0.9667798,1.4237643,0.46821368,0.015618845,0.22219838,0.7173562,0.5092686,-0.13445783,-0.80261344,-1.5001185
-0.56195354,0.8322909,0.9126529,-0.38581666,0.98930347,0.63794565,1.0690986,0.4033642,-0.3317138,-0.026849238,1.0568298,0.35923582,-0.18050395,-0.5806019,-1.6356431
-0.59797513,-0.30397654,1.4129972,0.2519855,0.14608248,2.7729185,0.2158712,1.5192546,0.44429398,-0.031333487,0.8319807,2.6976056,-0.068082035,-1.4261255,-0.49121368
-0.19217217,0.9233624,0.7963658,-0.23053215,-0.570999,0.69066006,0.32104227,0.56440353,0.20549281,0.36730132,0.518643,0.06258515,-0.70717335,-0.6431854,-1.3691719
-0.08411468,0.8721018,1.0624696,-0.54399467,-0.32309213,1.0019095,0.5346952,0.74897796,0.36397886,0.14113942,0.6678554,0.22302985,-0.68273336,-1.2030588,-1.3849747
-0.16332047,0.82160026,0.8298223,-0.35060453,-0.45531833,0.7241215,0.3419742,0.6609547,0.1400336,0.2638548,0.76664466,0.18173525,-0.6667974,-0.70955294,-1.3417181
-0.061085228,0.9150691,1.3177054,-0.38289753,-0.5085019,0.8911808,0.71902454,0.8258631,0.35404307,0.4181647,0.5858933,0.11341107,-0.6468107,-1.1484178,-1.6463679
-0.022671524,0.8638045,0.97440124,-0.31833103,-0.44843525,0.6823246,0.4906043,0.77346534,0.24478354,0.23803638,0.63978225,0.18354124,-0.53792316,-0.85038394,-1.4797484
-0.23795456,1.0021966,0.96627665,-0.57152116,-0.5547486,0.86440206,0.41535932,0.63036275,0.342205,0.428406,0.40343216,0.13438316,-0.7683274,-0.9163507,-1.4786514
-0.3114091,0.89601076,1.2131847,-0.59775615,-0.40646577,0.68749905,0.54868925,0.6707453,0.28466618,0.57764846,0.4108082,0.17000169,-0.6367203,-1.0164986,-1.3580072
-0.09265101,0.91650385,0.92217076,-0.39972523,-0.21564572,0.6872864,0.38242543,0.62268984,0.10730351,0.53158295,0.6357866,0.088075146,-0.71177316,-0.973604,-1.6512163
-0.18752332,1.0858626,0.22225991,0.110437766,0.22581229,-0.4801094,0.92516166,-0.57061493,0.09917226,2.0671718,0.5787938,1.5342572,0.46539262,-0.36019403,-1.5304407
-0.058818605,0.84242696,0.32672232,0.03979643,0.77232003,-0.99884707,0.79037386,-0.54916596,0.11569197,2.377372,-0.15216935,1.4412935,0.7513214,-0.93278027,-2.053842
-0.709119,-0.5603022,1.3830189,-0.97096646,-1.0809633,-1.4931129,1.2328309,0.20776907,-1.1455532,-0.82291013,1.3787425,1.2668564,0.19506703,0.25002384,-2.6651464
-0.36286336,0.75394654,0.87804663,0.028791629,-0.29054487,0.5644396,-0.18396564,0.91046745,-0.26602423,0.13083655,0.596355,0.41054225,0.25754163,0.41097265,-0.22707711
-0.2773323,0.93846846,0.43401358,0.15501532,0.33640474,0.14117552,-0.04402812,1.2930919,-0.5233695,0.12924258,1.280538,1.1497296,0.50055414,-0.3051007,-0.5388038
0.07093973,0.97522336,0.055591565,-0.1983454,0.32113758,0.1995591,-0.7892742,1.2130696,-0.80938005,0.04882657,1.3417934,-0.01769966,0.835509,0.081433974,-0.35307553
-0.23487094,0.07562212,0.6406285,0.053868387,0.030602105,-0.46195373,-0.27773762,-0.14891733,-0.027288992,0.5689337,-0.14161561,1.1524856,1.1183963,0.5883872,-0.5094344
-0.6011693,0.20131972,0.33823866,-0.13194278,0.663528,-1.0358534,-0.17688332,-0.22871797,0.0002568653,0.33713996,0.54791534,1.7795203,1.3907102,-0.02212898,-0.8652859
1.0345678,-0.46463326,0.38281852,-0.1284131,0.6996192,-0.45422512,-0.2659596,0.044876575,0.4720834,1.1891197,0.80376184,1.301832,0.40418825,-0.6525721,-1.1652377
1.3279095,-1.9386525,-0.41818115,-1.8386804,2.3815846,-2.3111992,-1.2937565,0.035530522,1.2282225,-0.40510452,3.7692206,3.2280102,-2.7805045,-2.8529925,-0.7088661
2.7449584,-0.5616567,1.0241109,-0.71849155,0.43704835,-3.069161,0.94372493,-1.1275469,-1.6250371,1.4519424,2.5893693,0.9750857,0.0687138,-0.87980354,-1.7757576
1.5444617,-0.6954483,1.3070538,-0.04814881,0.65040916,0.3228859,0.007938607,0.36409852,0.15110558,0.6825541,1.3207426,1.099798,0.37063485,0.16802137,-0.6343887
2.6911883,-1.9394318,1.2811649,-0.36798587,1.6351683,-1.0764593,1.3289989,-1.001265,-0.74962413,2.070607,2.6261642,0.575036,1.6436626,-0.871806,-1.4446958
-0.62121683,2.0252306,1.2604457,-0.6123281,1.4130255,-1.1385767,0.51994556,1.2678972,-0.3253717,-0.6409812,1.1081638,1.0164285,-0.69798857,-1.4143462,0.1460764
-0.6796415,1.71358,1.5051422,-0.6093026,1.3793024,-0.9799751,0.37456086,1.4301825,-0.54232967,-0.8194562,1.2717133,1.1259373,-0.34663066,-1.3487409,0.46376348
-0.04781039,1.8714997,1.5878576,-1.2103223,1.4373673,-1.2710776,1.4669029,1.3183343,-0.87274575,0.030044254,1.6055659,0.5589201,-0.47212932,-0.9835686,0.63148445
-0.20500565,1.6414101,1.5701067,-0.9953688,1.1699163,-1.1543845,1.3579632,1.4198059,-1.3412349,-0.2882976,1.8244414,0.5592493,-0.1579484,-0.9662266,0.6232382
-1.690618,1.5577966,0.96008885,-0.17479333,2.1044753,-0.35979694,1.4485158,0.61599076,-0.3332025,-0.4049464,1.3991992,1.1077355,0.05445862,-1.7105016,0.16849776
-1.6974646,1.2237368,0.72837836,-0.34098673,1.9774562,-0.15194532,1.1296426,1.0295553,-0.6304709,-0.5661927,1.8034378,1.1841708,0.21698907,-1.7998809,0.49379128
-0.4676241,1.4329544,1.9020576,-0.1948041,-0.25327954,-0.69094974,-0.20451088,-0.6527529,0.38988912,-0.43984357,0.49045515,0.96566206,-0.40796736,-0.31359142,-0.15979427
-0.59924924,1.1276896,1.5573429,-0.107622124,-0.10545419,-0.40267852,-0.54707116,-0.5949082,0.21114698,-0.37408444,0.7151905,0.7125256,-0.34795177,-0.48112708,-0.20137337
-0.69546556,1.2852272,1.4419858,-0.20067428,0.023551939,-0.27501222,-0.6968183,-0.4659536,0.6352012,-0.21627381,0.5541606,0.9573093,-0.49289662,-0.41713104,-0.20864294
0.05203958,1.5089166,1.8873137,-0.7789369,0.05115841,-0.6039025,0.15394041,-0.6129819,-0.15135618,0.081418894,1.1090114,0.53041744,-0.40167055,-0.03426663,0.7000551
0.2629295,1.3966527,1.866704,-0.71201843,-0.16596416,-0.48343197,0.4512755,-0.5270291,-0.33593607,0.20445022,1.0251987,0.35621688,-0.2956877,0.052441716,0.21002011
0.12519884,1.4402108,1.6445205,-0.6629858,-0.18665826,-0.5522067,0.21984568,-0.6542467,-0.2894036,0.10897304,1.2031794,0.41366795,-0.39343506,0.053051855,0.19483525
-1.6799556,0.833482,1.3894855,0.25687,0.5457187,-0.13746381,0.46310475,-1.4024161,0.47163665,-0.19632494,1.1103154,1.3760767,-0.0984033,-0.693988,0.08269843
-1.4204522,0.94796693,1.1858236,0.3178817,0.7177823,0.12160644,0.17107993,-1.120796,0.6739036,-0.1817946,0.9134724,1.5069122,-0.09406598,-0.82374394,0.18415485
-1.7059295,0.7948403,0.88600516,0.262074,0.85322773,0.37338772,0.13557953,-1.1548028,0.6672775,-0.07985613,0.91590047,1.3914347,-0.030451031,-0.9096916,-0.13980012
-1.5505447,0.80268025,0.7922967,0.3333398,0.70712054,0.28376254,0.058447983,-1.2851532,0.38687846,-0.20850639,1.1628491,1.4517909,-0.07466726,-0.6103109,-0.24132669
0.96965533,0.48176512,1.9217238,-0.9666318,-0.6283641,-0.30882442,0.97899646,-0.21556196,-0.84672076,-0.16153869,1.8212944,-0.29437134,-0.8949874,0.06605848,-1.4551048
-0.17573774,-0.32674626,1.4190695,-0.98978364,0.51030517,0.4954975,0.93393886,0.5074937,-0.14859523,0.5483051,1.1034772,0.1937408,-0.82269305,0.96880275,-0.87351406
0.23216774,0.5573727,1.2635672,-0.13695781,-0.5958289,-0.044394925,-0.020700537,-1.1657333,-1.2438195,0.11538823,2.0719442,2.605903,-0.34255907,0.22882466,-0.9687374
-0.47664404,0.7936216,1.4975578,-0.107793115,-0.60453916,0.9536665,-0.064422235,-0.45493397,-0.4401986,0.35417458,0.9862373,1.9346845,0.3777116,0.68955666,-0.5957226
-0.7840409,1.0159129,0.94159555,-0.16355069,-0.37166864,1.6875188,-0.38866994,-0.41114467,-0.8107259,-0.22018467,1.5533702,2.2740827,-0.28382742,0.3277975,-0.71840876
-0.14532134,2.1444952,1.0642407,-0.83031774,-0.77001226,0.6719651,-1.479795,-0.026622854,-0.16860053,-0.16604511,1.0291919,2.584046,-1.0336381,0.64659786,0.12821418
0.8305194,2.014464,1.5679818,-1.4242853,-0.79142904,0.56871444,-0.35458112,-0.08756532,-1.1413319,0.34124944,1.8423302,1.7776725,-0.746204,1.5457097,0.67355305
-0.952641,1.5198625,0.3980146,-0.28485084,0.15551609,1.1950648,-0.37705502,-1.1064506,-0.34026724,-0.42676103,1.6238,2.9731383,-0.06941021,0.40418535,0.12653528
-1.0026135,0.69915587,0.96797913,-0.84280986,-0.07312768,2.4028208,-1.2463093,-0.17982693,1.0780063,0.43145305,1.6883533,0.92454565,-0.5503595,-0.44083178,-0.76905006
1.2892575,1.8946357,0.117999464,-1.074295,-1.372399,-0.22228709,0.31468028,-1.0510235,-2.6853762,1.635509,-0.52166677,3.5494096,1.128755,0.32284492,-1.35982
-0.55962354,0.7515989,1.5297196,-0.14656787,-0.1474055,0.21334928,-0.38084793,-0.19993567,0.07177718,0.46569926,1.3690656,-0.007856362,-0.9030805,-0.43811613,-0.37313533
-0.7980578,0.7291351,2.0060937,0.13399117,-0.07290484,-0.011162436,-0.3486066,-0.66389257,0.47730577,0.42137864,1.2018692,0.051305547,-1.043634,-0.40107992,-0.29219377
-0.21392575,0.767816,1.0197197,-0.8244657,0.63145196,-0.19521677,-0.03309683,-0.621783,0.03908375,0.4217092,0.8709949,-0.693276,-1.1947601,-0.4075047,-1.0851814
-0.7410626,0.483922,0.5300013,-0.14541712,0.027135482,0.6436245,-0.4062313,-0.17391579,-0.31218743,-0.17461269,1.4164134,0.85638195,-0.1145157,0.66563225,-0.23230295
-1.0351857,1.1035519,2.4986176,-0.5197998,0.29337037,-0.25078177,-0.9869671,0.46557012,0.32468313,-0.33926377,0.79345304,0.9358241,-0.7524456,-0.024954412,1.6145477
-0.44811517,0.7375368,2.6888568,-1.2464606,0.23008858,-0.30064458,-0.39718008,0.54707575,-0.5223883,0.033933874,1.3752085,0.18409407,-0.4399816,0.45043617,1.8867334
-1.0149312,0.17230828,3.1755745,-0.4517466,0.9956394,-0.44729862,-0.39069897,-0.4897259,-0.52652997,-0.009072407,0.98648995,1.8218511,-0.50427216,0.09352812,0.9480318
-0.11982263,0.1621828,0.17276478,-0.095659345,0.19966961,0.17291772,-0.18122888,0.21661204,0.3216993,0.5390081,0.22952914,0.5517157,0.3632359,-0.18001297,-0.5033782
0.09874244,0.2221907,0.03483516,-0.03737293,0.26707608,0.21467297,-0.29972684,0.104965515,0.36120608,0.7172413,0.22614892,0.6025668,0.26018593,-0.28912762,-0.829368
-0.82257146,2.1740642,-0.09559916,-1.4493318,-0.09266401,0.7440594,-0.56252915,0.19063176,-0.14227995,-0.277064,0.4064509,0.5137362,0.123001724,-0.3208754,-0.68960303
-1.2772679,2.1061122,-0.22324982,-1.0029429,-0.17032489,0.979442,-0.5330074,-0.13778573,0.383406,-0.008256604,0.19370966,0.5960052,0.50715065,-0.6084389,-0.9095647
-1.2072119,2.106366,-0.16624859,-1.2120934,-0.0024445779,0.7663754,-0.5120313,0.34256303,0.53407246,-0.30779365,-0.027160302,0.7123647,0.49901432,-0.81534874,-0.84321964
-0.9590935,2.1119125,-0.06635896,-1.2834542,-0.08227324,1.0235406,-0.31649858,-0.05686972,0.37905267,0.33524984,-0.111026324,0.8424967,0.67049503,-0.5344236,-0.61462903
-0.6779785,2.3079832,-0.18615213,-1.1949009,0.0023221995,0.70981616,-0.13378228,0.21133535,0.32685798,-0.03247871,0.24959385,0.8024465,0.3921197,-0.56375486,-0.903668
-1.1153415,2.1880727,-0.108954355,-1.1164453,-0.168962,0.67385787,-0.4594539,-0.0068388646,0.43806282,0.10100576,0.34445608,0.5510601,0.3793263,-0.5730541,-0.7473207
-1.9687208,2.3459966,-0.26253754,-0.7955115,-0.09754293,-0.49003574,-0.8294016,0.6296746,0.5320782,-0.25468457,-0.16715209,0.68315756,0.16617773,-1.2034861,-1.333055
-0.8412367,2.296703,-0.08305069,-1.3776721,-0.04575321,0.789733,-0.3062816,0.23528522,0.6402928,-0.05520244,0.063885145,0.732143,0.61526495,-0.74437034,-0.7830091
-0.7584401,2.157133,0.6404007,-1.6299111,0.7238001,1.4160737,-0.22653589,0.057504285,0.14062665,0.16677433,0.48373216,0.24446672,-0.87325406,0.39468077,-0.49372455
-0.8783439,2.312409,-0.16534835,-1.0478697,-0.11039577,0.9398255,-0.4102056,-0.120376274,0.24699199,-0.002551083,0.41114298,0.44550037,0.44523084,-0.50711477,-0.82126296
-1.1303002,2.1665924,-0.27563065,-1.26098,-0.055373427,0.8662875,-0.25009948,0.040934872,0.55545324,-0.017321043,0.1720142,0.87164116,0.50453705,-0.34262732,-0.8148217
-1.7778774,1.8952566,0.40876475,-1.637727,-0.02694563,1.1502061,-1.0892075,-0.5141373,0.36186072,-0.41456622,0.37574196,0.42775777,0.5046828,-0.94743365,-0.0825215
-0.5717224,2.0869586,0.06902106,-1.3643954,0.07457808,1.0509937,-0.21728712,-0.019842941,0.4054744,0.016551934,-0.01810343,0.443804,0.44982544,-0.81272024,-0.7819616
-0.055812333,2.039805,0.604118,-2.0092652,-0.2620778,0.4512564,0.34208363,0.40446782,-0.57912785,0.20399894,0.9182627,-0.48037964,0.3934086,0.3163138,-0.47575817
-0.28285706,2.1224332,0.55240333,-1.795821,-0.23377964,0.8106892,0.41917527,-0.13409777,-0.3569464,0.24305321,0.940925,-0.5571667,0.87640697,0.18795714,-0.2860385
-0.31506094,1.9127032,0.36033228,-1.8791536,-0.2238271,0.41883314,0.39091095,0.19143623,-0.22930908,0.25417432,0.857435,-0.3702997,0.6282492,0.0375959,-0.4828189
-0.36686364,1.9555027,0.5978109,-1.8015391,-0.5234567,0.52157587,0.30681512,0.17368148,-0.09412426,0.3213072,0.46580073,-0.11406217,0.74397767,0.26945803,-0.113258004
-0.123511925,1.8608676,0.413988,-1.971159,-0.20247741,0.49562797,0.6170086,0.12055925,-0.44304827,0.13993847,0.87959653,-0.114325754,0.42283815,0.31708044,-0.56471026
-0.28933105,1.9611592,0.43499523,-1.7109833,-0.27015403,0.39488372,0.54124844,-0.03319598,-0.19800316,0.24264354,0.8636389,-0.3557592,0.64516306,0.14177315,-0.40363228
-1.0695244,2.415835,0.44878122,-1.2732705,-0.31691578,-0.7710475,-0.1685132,0.9110603,-0.20351706,0.06444527,0.49358606,-0.41765153,-0.32994577,-0.6488403,-0.57834494
-0.14892234,2.0690136,0.3021537,-1.6839734,-0.24000701,0.51052773,0.3371232,0.14713316,-0.14831595,0.316374,0.7639363,-0.030508924,0.73219436,0.18781543,-0.16111545
-0.6379139,1.9536684,0.99470943,-1.9957645,0.5118066,0.82806456,0.66797155,-0.06379478,-0.32667658,0.5892863,1.0284457,-0.52822983,-0.25203612,0.9175078,-0.124670014
-0.10424317,2.0732527,0.69300187,-1.6395861,-0.34592697,0.79342264,0.52525383,0.20879383,-0.3708348,0.10041307,0.886933,-0.22392666,0.80911046,0.25632358,-0.25270474
-0.5435661,2.154083,0.36896545,-1.6407261,-0.2661636,0.7475162,0.4764791,0.14911674,-0.43163505,0.2829606,0.57686156,-0.04050068,0.41512725,0.18159696,-0.3249325
-1.0734205,1.987979,0.98748,-2.0993474,-0.29550657,0.9603499,-0.6851616,-0.45064965,-0.24935102,-0.17643009,1.0092028,-0.40959865,0.44446582,-0.29873943,0.38385722
0.063644655,1.9970212,0.57291675,-1.9320633,0.029072167,0.59496987,0.6420632,-0.039863568,0.007677307,0.4436233,0.7709682,-0.46025327,0.72407687,-0.10031538,-0.33278444
-0.17073224,1.6699283,0.78776973,-1.2352341,0.16858126,0.31028268,0.2794808,0.53088677,0.6140753,0.32506555,0.87438065,-1.1974633,0.77855533,0.066383004,-0.97709996
-0.5028558,1.8009171,0.41367677,-0.89905834,-0.021757917,0.32924747,0.31347394,-0.17447266,1.0435319,0.3700828,0.8098098,-1.2071042,1.3411139,-0.041818894,-1.2237953
-0.44071874,1.4432755,0.6203979,-1.1827325,0.09671944,0.16238065,0.29689187,0.33586624,1.2332102,0.26439008,0.48505592,-1.1018652,0.8110201,-0.37478054,-1.1421816
-0.28621677,1.7444066,0.6678638,-1.1389852,0.058119476,0.42747763,0.3079039,0.03336076,0.79420036,0.548073,0.47283614,-0.91377467,1.0023031,0.119920336,-0.8642693
-0.3047428,1.6916717,0.5215801,-1.1476142,0.23427218,0.22344452,0.37513265,0.4421093,0.94347805,0.39353013,0.63223016,-1.098056,0.9075591,-0.20795088,-1.2100526
-0.20586392,1.8614273,0.4117929,-1.1815792,0.068080455,0.24126789,0.30354998,0.01147527,0.93328947,0.6101428,0.78186303,-1.0025581,0.7101841,-0.062680416,-0.9180161
-1.2763904,2.1394122,0.41522995,-0.309962,0.26096272,-0.9856379,-0.23234561,0.61455643,1.1499555,0.37124386,0.32450777,-1.3711374,0.4849016,-0.9495909,-1.6577694
-0.13477825,1.7704196,0.4701607,-1.1142676,0.078509204,0.16439563,0.23790738,0.26069695,0.8428668,0.5696448,0.68631727,-1.0870825,0.80949956,-0.14604886,-1.0383633
-0.25752914,1.4978364,1.2058895,-1.5657434,0.81692857,0.8193851,0.48182896,-0.027683336,0.5850518,0.53048044,1.0068057,-1.4222981,-0.45954928,0.83815634,-0.8204349
-0.17539199,1.7738525,0.6788333,-1.0747476,0.0805078,0.33748773,0.22489636,0.10874685,0.9225927,0.47126773,0.89865196,-1.3323389,1.1946971,-0.12514558,-0.91933113
-0.5151328,1.7017318,0.39906812,-1.0094345,0.10027496,0.5369449,0.2130831,0.16061617,1.0955367,0.31372738,0.5147131,-0.7941849,0.9005057,-0.023993738,-1.0521029
-0.92460054,1.6936183,0.92908686,-1.4277893,-0.021824686,0.6707814,-0.96324337,-0.45126736,1.0720677,0.0204126,0.9574115,-1.3410968,0.56486434,-0.5034329,-0.23964176
-0.06372698,1.7520685,0.6676467,-0.77864045,0.41087183,0.33634079,0.20284335,0.0771492,1.0809491,0.43023667,0.70769167,-1.2234354,0.9979311,-0.39375988,-1.1680431
-0.05412528,0.9127077,0.5739734,-0.3854612,-0.20320214,0.5544218,-0.13632709,0.7091936,0.2087847,0.51599675,1.1477922,0.9742977,0.067147665,-0.059104204,-0.32685104
0.42105117,0.29317006,0.5797275,0.08869471,0.21337305,1.0301597,0.8455288,0.02994915,0.24695061,0.7205532,1.1784321,0.32177603,1.2348863,-0.39304525,-0.28751275
0.8033212,-0.13598111,1.5850632,-0.64843416,0.9889323,2.2634692,0.37676662,-1.494304,-0.078936316,0.7287659,0.8744094,0.4152643,2.700418,-0.7998818,-1.2596531
-0.2480121,0.0018303281,1.9282,0.2075424,-0.5209437,0.35002077,-0.95377946,0.7352214,-0.13168117,0.49646333,0.9773621,1.2568618,-0.07601827,-0.0070286905,-0.7019977
-0.012911444,-0.033955395,1.9087119,0.12633774,-0.35741907,0.2772407,-1.3419808,0.8236874,-0.19513871,0.24239954,0.7096779,1.1583686,-0.025475286,-0.0074308487,-0.75831467
0.15816875,-0.008957327,1.8412216,0.14973417,-0.3309485,-0.012142196,-1.1483917,0.81400245,-0.45149964,0.033189844,0.9397215,0.8973874,-0.093898386,-0.04682005,-0.6245708
-0.17447993,0.055643886,2.0046456,0.119300626,-0.32957256,0.31790325,-0.99136406,0.80955553,-0.17519225,0.22909822,0.75620455,1.1642863,0.15529598,0.13657153,-0.83679175
0.0014457714,0.035616226,1.7800975,0.24961044,-0.38087946,0.25848293,-1.2065231,0.8037333,-0.3228157,0.06876426,0.7634308,1.1065557,-0.017048636,0.0036520876,-0.6839038
0.106948294,0.2271408,2.0801747,0.41031355,-0.21611327,0.20895511,-1.2918476,0.6015013,-0.30026776,0.2783433,1.0316999,1.3159178,-0.19429865,0.005871888,-0.4794063
0.38794702,0.2951159,2.252672,-0.5747144,-0.70850044,0.52940476,-0.38973102,0.15835467,-0.7460537,0.58652395,0.7356834,0.8622683,0.39508027,0.34200692,-0.6697341
0.5888435,0.4554692,2.2085738,-0.7154147,-0.39072043,0.4120663,-0.35164535,-0.08985148,-0.88133633,0.32512552,0.59960735,0.8526463,0.215111,0.2703978,-0.6916259
0.7196688,0.5369914,2.0187852,-0.48345116,-0.49148974,0.4998162,-0.5374266,-0.011542853,-0.8189857,0.33933157,0.6965023,0.7513536,0.3160617,0.030029453,-0.7904895
0.34437492,0.46378526,2.1393087,-0.49132848,-0.5653362,0.51725614,-0.44179794,0.19858804,-0.5336039,0.5579911,0.60435796,0.7273043,0.24822545,0.22229624,-0.8129181
0.40970892,0.4222996,2.1521974,-0.51565856,-0.4745876,0.57586884,-0.4619331,0.1469844,-0.78229004,0.46130183,0.5543164,0.8016262,0.39068154,0.19966823,-0.62072444
0.5311098,0.41055104,2.1062872,-0.47629863,-0.5096326,0.42945907,-0.5321419,0.12000784,-0.6764617,0.4398787,0.7534054,0.62710136,0.23095071,0.21088421,-0.7315241
-0.053035658,-1.0195115,1.808242,-0.79369724,1.3190341,-0.03403881,-2.410871,1.2059952,0.70139164,0.33248538,0.54272044,0.19272152,1.7736244,-0.6624683,0.082996376
0.53894526,-0.22936861,1.559195,-1.3753753,0.84184796,0.2668821,-1.6076616,0.48970598,-0.17645656,0.5562608,0.5357882,-0.25327381,1.4975755,-0.4357194,-0.26618323
-0.82185555,0.396154,0.7006705,0.45993224,0.21966727,-0.96110886,0.09811307,0.31646055,-0.7498616,0.38894153,0.62033933,0.6262157,-0.51599663,-1.0340708,-1.5775813
-1.0445755,0.5690401,0.9200044,0.38218674,0.49295148,-1.0245386,0.17828369,0.5541878,-0.9110434,0.61076176,0.57073665,0.6251132,-0.5695392,-1.0551187,-1.4421905
-1.0968149,0.46967468,0.8585435,0.14626707,0.3704052,-0.6187353,0.050483543,0.36308235,-0.60350764,0.25928557,1.1090082,0.41861203,-0.41662255,-1.0270096,-1.6668355
-0.81955224,0.53653,0.7779939,0.26359907,0.1462032,-0.6489942,0.33314392,0.3879583,-0.90628505,0.33926517,0.64523774,0.6213579,-0.30160925,-0.7150239,-1.4702502
-1.0528421,0.64411926,0.7729944,0.031828985,0.39273888,-0.6331382,0.14792877,0.52239954,-0.6046795,0.40130785,0.8594756,0.51364714,-0.41649565,-0.90925467,-1.5666574
-0.45642355,0.43639567,1.2873193,-0.45584688,0.1758906,0.26946855,-0.07231797,-0.07809215,0.31948093,0.12524112,1.7312076,0.06513529,0.34292874,-0.38174143,-1.1515073
-3.5109358,-0.913088,1.7093663,-0.7546914,-0.6412567,-0.7367246,-0.46611184,1.477407,-1.1010084,1.2507184,0.75512856,1.1527202,-0.19834225,-1.1896452,-0.5367658
0.06253689,-0.013654897,1.1169634,-0.15226458,-0.69646996,0.697579,-1.0982652,-0.2759275,0.2577337,1.362424,2.316222,0.23789614,-0.37769523,-0.19096065,-1.1087334
-0.30549192,0.16590132,1.626219,-0.39290926,0.8567451,0.65727144,-1.0369792,-0.37504578,-0.82027423,0.98132336,-0.34167945,0.09615365,0.03008721,-0.3993973,-1.3587551
-0.55252075,-0.14587858,1.2854264,-0.40533963,1.0676497,0.57464963,-0.83243936,-0.8019598,-0.7124667,1.148723,-0.25614673,0.77433205,-0.21620168,-0.44155815,-0.86681527
-0.2815193,1.2005533,2.0787218,-0.9973464,0.6804518,1.1879265,-1.4469736,-0.4569263,-0.62140405,0.11018571,-0.23636396,0.27454346,0.6230593,-0.47162858,-1.0721833
-0.37876382,0.6252625,1.7974792,-1.0742708,0.9471083,0.3707846,-1.7864937,-0.25451443,-0.5901008,0.0047441074,-0.21639767,0.8290299,1.1629859,0.01710732,-0.8535175
-0.2520504,0.53346515,2.0278773,-0.8854267,0.7416162,0.16051926,-1.6950359,-0.34994867,-0.78802514,-0.14642116,-0.073422946,0.74542254,1.098797,0.49107254,-1.0389187
-0.14676812,0.65226644,1.5134397,-0.91410035,1.0568199,0.61324435,-1.7035109,-0.51356965,-0.93784773,0.1323466,0.17797875,0.9869928,1.2501646,0.5657671,-0.78157955
-0.1315715,0.36765763,1.6956369,-0.9537302,0.88636535,0.3321791,-1.8052752,-0.26549605,-0.7156466,0.03830041,-0.14571252,0.6752941,1.0433391,0.43679497,-1.1852852
-0.49274525,0.5049974,1.7213774,-0.9353704,0.6959189,0.5899927,-1.4898183,-0.48228398,-0.69151086,-0.3469205,-0.117000796,0.6780216,1.3230916,0.11898121,-0.7650286
-0.24624711,0.95887697,1.9420192,-1.225481,0.55020845,0.81605655,-1.8123384,-0.46116415,-0.68135345,0.35549137,-0.25043514,0.4799049,0.6783767,-0.28636432,-0.80524963
-0.28156468,0.80167234,1.7515734,-0.915095,0.6755777,0.6331654,-1.7462082,-0.65699923,-0.899321,-0.2584018,0.22800323,0.6915473,1.1305695,0.35790408,-1.0432509
-0.6248156,-0.2390912,1.7262905,-2.5468144,0.6842871,0.42540544,-1.5810475,-0.4236448,-0.13660699,0.2013905,-0.36845064,1.0237145,0.22039558,1.1429392,-1.1499245
-0.45813757,0.4484845,1.8962905,-0.9932101,0.70808905,0.35184488,-1.4673014,-0.5968768,-0.4382257,-0.041009992,-0.19138843,0.8883566,1.3518834,0.059951086,-0.8977412
-0.24921362,0.5180489,1.6004461,-1.000939,0.7064075,0.43647635,-1.7755827,-0.38938844,-0.60932255,-0.09812427,-0.09530006,1.1640583,1.1597646,0.22092369,-0.9066647
-0.05873634,0.52038515,1.7128015,-0.99121696,0.9755438,0.6567529,-1.7359034,-0.35726538,-0.53761035,-0.10110699,-0.02471164,1.1339477,1.2294933,0.34582993,-0.74648964
-0.25654396,1.0476829,2.1096647,-1.0521054,0.64797497,0.9702859,-1.6240945,-0.6755097,-0.69321305,0.22788577,-0.08136963,0.34877005,0.7016605,-0.22995967,-1.0189176
-0.4134657,-0.39341953,1.2862662,-0.8141558,1.0753096,0.5401861,-0.8171395,-0.64005756,-0.32416746,1.5156298,-0.6983552,0.67897254,-0.08558962,-0.4715804,-1.000593
-0.21671048,0.0004998285,1.5114883,-0.6890418,0.63173634,0.62175024,-1.3044829,-0.5205968,-0.3929026,1.6291933,-0.699185,0.22031786,0.19619988,-0.3114811,-1.2527305
-0.3978705,1.1059368,0.9175016,-1.1199409,0.2197787,0.6501784,-0.9149872,-0.03790746,1.9449126,-0.098040715,0.9594651,0.053865492,-0.5499573,0.50918514,-0.06195214
0.5176224,0.106432445,0.024103466,-0.60470563,1.4378066,-0.57110745,-0.16017258,0.42170107,1.0104283,0.7964878,2.3171165,-0.9172062,0.84787905,1.5686743,-1.097458
0.13626024,-0.15493031,0.19592105,-0.99764824,1.0213813,0.088181145,0.058279183,0.4053028,1.2742997,0.43434256,1.2644662,0.050535362,0.99578637,0.63359,-1.3859394
0.6711654,0.16782737,0.07510735,-0.3520612,1.4359916,-0.3653848,-0.31365094,0.3070078,0.95814216,0.46092644,2.2815928,-0.44735062,0.8859761,1.458858,-1.1230081
0.39147192,0.09440614,1.1497964,-0.101760514,0.070610486,0.9784605,0.15177888,-0.7583995,1.76082,0.72766155,0.8190761,0.7345838,0.3792111,0.86895895,-0.7057339
-0.8156588,0.30788544,0.7202908,-0.74614656,-0.037350032,0.9455211,-0.21697195,-0.15320632,1.3045962,0.46335253,1.5224448,-0.2856956,0.27487382,0.65092427,-0.8592172
0.21584424,0.23966052,1.2197881,-0.15064348,-0.13993838,1.6424711,0.092804804,-0.6644993,1.9307326,0.74767005,1.4088197,0.3026176,0.23714459,1.0042747,-0.9843983
-1.5763701,0.6222135,0.1655705,-0.6518225,0.8991411,1.1829295,0.042911965,-0.5552004,1.8152305,-0.17225534,1.4289116,0.26151288,0.159461,-0.19786899,-0.040670097
-1.1400938,0.6627041,0.025502922,0.05167427,1.4591513,-0.03478636,-0.5930553,-0.0012858718,1.8047534,0.7382025,2.416512,0.1925666,-0.69110423,0.91060054,-0.19777094
-1.3567104,0.16598853,0.20643236,-0.51382923,0.80208737,0.5977086,-0.09717258,-0.29243475,2.151137,0.38299832,1.309562,1.1284704,-0.17335859,0.10755428,-0.6825183
-0.9907694,0.6677583,-0.21567295,0.3451347,1.5065801,0.14375402,-0.6573714,-0.27155876,1.6364799,0.5568974,2.4191437,0.5441579,-0.43251133,0.7567698,-0.41272822
0.1122951,0.91969913,1.259895,-1.3182719,0.51569617,0.32898,-0.028018106,-0.010731605,2.3946152,0.4071586,1.2930007,-1.6603868,-0.11414303,0.54908985,-0.17164114
-0.6760115,0.3291278,0.6105515,-0.69565946,0.08380196,0.92990714,-0.23769891,-0.20823391,1.2541182,0.5211671,1.6108791,-0.19242202,0.29605326,0.5638056,-0.8614346
-0.05256043,0.3339689,1.4313693,0.9969703,-0.35449108,-1.4300083,0.29558662,-0.0036904076,-0.59477246,1.4558083,1.5783329,0.37799054,0.12651034,0.2000274,-0.8910449
-1.1896075,-2.6985,1.6764805,-0.28614914,-0.31724504,0.5298025,0.86876523,-0.48089275,-1.2956194,0.84477663,0.86738527,-0.50865513,-0.8802108,-0.993824,-3.4824138
0.8021568,-2.3499863,1.7056004,-0.77866787,-1.1859704,0.21948604,-1.7909416,-1.0251005,0.05712254,1.6414433,2.8477907,-0.6251204,-0.86782926,0.20788033,-1.5336027
-1.1875899,0.41259772,0.029917091,-0.39904276,-0.5065458,0.91542953,1.74703,-0.76361275,0.045065105,-0.16772003,2.9542363,0.61271405,3.2243314,0.46159595,-1.4058444
-1.3693907,0.34486923,-0.06492591,-0.23700385,-0.4648736,0.6913836,1.841896,-0.6932657,0.011310754,-0.15666395,3.0156279,0.55061793,2.9068043,0.55537784,-1.1064212
0.5257939,-2.9421928,0.6658252,-1.4755937,0.10110107,1.0083969,0.009902682,0.5529966,2.0774238,0.1423789,3.6953888,-1.2767857,3.7696354,-0.17401135,-0.8645913
-0.41390678,0.008080318,1.1240641,0.59131485,-0.42755526,-0.49852383,0.43886477,0.343271,-0.49529555,0.65079546,1.1020962,0.61041474,-0.61838657,-0.25260898,-1.5924381
-0.0037911208,-0.061353974,0.9282587,0.6872128,0.52816164,-0.28438595,-1.0930275,0.38247928,0.56495243,0.10074374,0.4265086,0.5812112,-0.47644848,-0.033864982,-0.2124027
-0.5206203,0.48561883,0.4212417,0.36508918,0.1449,0.014876547,0.04802976,-0.045870498,0.5027166,0.2419787,0.6555016,0.6869507,0.052891273,-0.4574556,0.011432783
-0.6250218,0.5463979,0.42056933,0.27195647,0.19325124,2.5863988e-05,0.09202732,0.050267596,0.5078068,0.22234485,0.5741452,0.63525826,0.15790556,-0.44442293,0.048647705
-0.49441236,0.47755167,0.29677108,0.4319103,0.20096913,-0.05477301,0.05819675,-0.071149774,0.49510175,0.29478323,0.62059367,0.66309327,0.12439277,-0.48941487,0.10059333
-0.59153247,-0.1879152,2.995258,-2.3034391,0.946095,-1.2985005,-0.1719176,-2.2130353,-0.102025524,1.0452379,0.67462736,-1.3943576,-0.20160507,-0.92326313,-2.6804712
-0.9550722,1.109644,2.200418,-0.6344987,0.5222568,-0.40675762,-0.5841046,-1.6517756,0.3001078,-0.039448947,0.9456364,-0.8115205,-1.1648747,0.073374875,-1.5866362
-0.13222417,0.8054001,1.0009164,-0.090538435,0.39336354,1.6586127,-0.21673378,-1.0754541,-0.07144785,-0.15105006,1.9396539,1.7193943,-0.54289764,1.0072773,-1.6740339
-0.20290579,1.1759841,1.2304081,-0.81201404,0.054845218,-0.03238628,0.031869408,0.06827944,0.6779157,-1.2831517,0.84769446,0.9049184,0.023006724,-1.2321225,0.49448028
0.9462873,0.2543868,1.3050362,-1.4888945,1.4762013,-1.1297759,1.3307317,0.6703353,0.49885052,-0.8164675,1.6492531,0.40723646,0.9787547,-0.6124946,-0.5617156
0.18673418,0.30786797,1.1085001,-0.39437065,-0.10540664,0.27230144,0.4401997,-0.6455401,0.95847225,0.13192698,1.4341389,1.062713,0.26934224,0.033739053,-0.66989726
0.27058494,0.08407679,1.1821862,-0.36279193,0.8151551,-0.101365075,0.8204954,-0.61838245,-0.518878,-0.054220647,1.1859477,0.36684352,0.6594332,-0.89296967,-0.59657454
0.23307957,0.19523989,1.3641595,-0.6703385,1.272174,0.27445075,1.313505,-0.8348351,0.105935365,0.37142423,0.8419548,0.37811202,0.9840202,-1.208025,-0.24362813
0.59727055,0.008432434,1.521595,-0.5069961,1.603411,-0.12091065,1.5310928,-0.70431453,0.27522,0.24726287,1.073317,0.61125314,0.8197183,-0.6543496,-0.3120659
0.6081723,1.217751,0.9439068,-0.86910075,1.4403661,-1.2589701,1.239696,0.42627317,0.39011294,-0.95125806,1.6092384,0.6330023,0.85087776,-0.40710333,-0.61162597
0.38568136,0.11264151,1.3588957,-0.4866467,0.5219475,-0.23168209,0.38770577,-0.34123272,-0.7767531,0.008853288,1.0464791,0.9395016,0.21110596,-1.0443515,-0.48902822
0.43385297,1.650337,1.6584709,-0.78278756,0.32601938,-0.17344159,0.8542573,-0.008920743,1.5731652,-1.0655105,1.3535006,-0.8323636,0.7067268,-1.0765309,0.21207318
0.3754673,0.29691333,1.5150892,-0.5986561,1.4000903,-0.16744635,1.6861104,-0.827907,-0.14511071,-0.25884998,1.298796,0.48011404,1.278402,-1.2888858,-0.17818496
-0.5420269,0.64687675,1.0276146,-0.66529363,0.19824582,-0.47814626,0.47332713,0.022035418,0.40914005,1.1211944,-0.4967214,1.0581807,-0.32640985,-0.44538265,-1.1603291
-0.2037631,-0.66231614,1.5323567,-0.8841715,0.87738466,-0.59805965,-0.3327033,0.19507128,0.63429,0.6661587,0.1464241,0.6821463,-0.5014959,-0.5231229,-1.6408694
-0.10712178,0.9131159,1.4457791,-0.5771031,-0.08605082,0.02819241,-0.60798717,0.16087784,0.18261784,0.44662994,0.0036687872,1.0834281,-0.5482109,-0.7212158,-1.1235667
-0.79491276,0.16023742,1.0533406,-0.566288,0.6171458,-0.026115539,-0.015349475,0.16115542,0.062025573,0.6449209,0.7806205,0.031132184,0.1899995,-0.12559688,-0.27453655
0.56996125,0.22438098,0.4364651,-0.6799594,0.20122957,1.5818912,-0.47497088,-0.53314084,0.76040506,0.1740781,1.5900036,-0.024013085,-0.029334085,-1.0298053,-0.9043118
-1.3349975,-0.14445497,0.8842788,0.546652,-0.53289926,-1.2080724,-0.106539786,0.19152,-0.08371948,-0.37191826,1.1535742,1.1160086,-0.6645665,-1.0186367,-2.4200861
0.39720467,-0.32129034,0.8794495,0.6259221,0.55436313,0.8511301,0.7212533,0.20495057,-0.87738866,0.60434103,1.3993036,1.075802,2.579209,0.6264058,-0.67013204
-0.00574662,-0.72308564,2.7934117,-1.9356172,1.1958119,0.6230423,-1.4294688,-1.8215061,0.91766495,1.3377755,1.3810489,1.5712935,-0.88127196,-0.19127753,0.703359
-1.8214496,-0.46745324,0.4140011,-1.5134019,0.7131757,-0.3323334,-0.733968,0.53463286,0.456207,-0.6579423,0.9557693,0.44038722,-0.4187489,-2.3676734,-2.332121
-1.0382518,-0.19579214,1.9337565,0.46546984,-0.7516957,-1.1018398,-0.8951262,1.512482,1.3524222,-0.14785767,1.4597362,-0.24825205,0.36095545,-1.4965307,-1.1992779
-1.3825974,2.279437,1.7452296,0.5500223,-1.994585,-2.1236322,-0.29766515,1.2435641,0.02053172,-0.13917717,1.4006101,1.1503868,0.6328233,-1.1288731,-0.94235224
-0.602482,0.9146131,2.325323,0.33061144,-0.42500407,-1.923032,-1.146335,1.7095945,1.0257146,-0.4128435,0.72818875,0.2723199,-0.104965694,-1.158482,-1.0477909
0.038457308,0.6731941,0.46033758,-0.05432126,-0.6721302,0.30871567,-1.1138687,-1.5139763,-0.3891833,0.031260103,1.1955948,1.269416,0.17135143,-0.9010942,-3.159215
-0.5220069,-0.03349452,1.022411,0.09572014,0.69497555,-0.9465364,-0.049881566,-1.1355424,-0.41679484,1.1512322,1.67984,-0.42237368,1.0022084,-0.017524557,-0.028462136
-0.58026844,0.42494485,0.46227866,0.39188337,0.8482367,0.12023902,-0.48258415,-0.2407618,0.5133836,0.4548056,0.6130175,0.49275947,0.038061567,-0.6193173,-0.26001838
-0.5324822,0.2959766,0.58857846,0.55985737,0.853013,0.014496254,-0.54522187,-0.30907196,0.53623945,0.5389826,0.67724514,0.5568984,-0.20866007,-0.6887028,-0.27871543
-0.5111685,0.4898778,0.6387222,0.54277784,0.7724722,0.0479873,-0.56843376,-0.17495583,0.5521518,0.47390795,0.62064344,0.54120636,-0.038586386,-0.6349057,-0.15321845
-1.0584137,-0.27085832,0.093243726,-0.41721037,-0.44636303,-0.13409811,0.7072876,0.9483951,0.4432522,0.1363392,0.860551,1.772174,0.14431997,0.7476405,-1.0385306
-1.0305936,-0.15352505,-0.01027534,-0.282107,-0.3815562,-0.2965717,0.4448743,0.84006834,0.3871015,0.5362366,0.85067075,1.8210113,0.020970685,0.8472196,-1.2809592
-0.30230933,-0.15301108,0.039734673,-0.79255515,-0.1412982,-0.22685936,1.4238623,0.6379292,0.3425285,0.052201476,0.44252375,1.8927706,0.5743794,0.28583315,-1.1645778
-0.38428584,-0.23941304,-0.08614465,-0.7846765,-0.13077134,-0.22739285,1.34631,0.5176588,0.530937,0.214632,0.48717004,1.773538,0.56219065,0.33313712,-1.1937331
-0.6490433,-1.311836,2.9752023,-1.5012232,0.6629683,0.67507696,2.1530375,-0.033888564,0.25622606,1.6314511,0.41629827,0.594094,-1.2028035,1.8528737,-1.7567737
-0.7810351,0.61577165,0.52696335,-0.2091202,0.072056346,0.6601334,-0.37285322,-0.1966045,-0.28201586,-0.17938577,1.3807179,0.8416304,-0.16996537,0.7047451,-0.19788828
0.8045223,0.39074028,0.8292863,-0.40295988,-0.46869418,0.599458,-1.1036279,0.6887839,0.49235246,1.303371,1.5220691,0.68969035,-0.5716557,0.014235248,-0.4976983
-0.005088456,-0.26978886,0.8786925,-0.27884308,-0.37155506,0.7404667,-0.4652905,-0.4898153,0.68258023,1.1122867,2.016,0.048380177,-0.38600066,0.15785609,-0.84263897
-0.054426495,1.303566,-0.2064888,-0.7484881,0.10658623,0.72199905,-0.8401559,-1.2127235,0.78556925,0.8956579,1.5999504,0.86332506,-0.90813553,-0.6675641,-1.7256337
-0.064487986,-0.36043128,2.1117368,-1.5725962,0.5866392,0.50396055,-0.77298576,-1.3173527,0.61584455,0.5731442,0.82567495,0.7208693,-0.7370805,-0.5236595,-0.7852322
-0.64856553,-0.05636647,-0.39633712,-0.22451583,0.9866025,-0.3392995,-0.17882426,-0.067590356,0.2660312,-0.49878263,1.0758551,1.2157491,1.4021055,-0.6426021,-1.014892
-0.8032723,0.11428918,-0.5054505,-0.086656675,0.9560434,-0.73160046,0.767361,0.118074566,0.3688108,-0.33242992,1.5903473,0.67389107,0.6299572,-1.1757032,-0.75274175
-0.41843408,-0.17278883,0.019603107,-0.07871332,1.1268369,-0.7637636,0.47765142,0.026192443,-0.057027962,-0.08814672,0.9357032,0.2685207,0.65649515,-1.0041013,-1.4593462
-0.31804028,-0.37207675,-0.13280548,-0.41505748,1.1482617,-0.7885797,0.37170896,0.0301108,0.08656678,-0.16893311,1.2902025,0.59851265,0.59401965,-0.76114494,-0.8566636
-0.8110286,0.16797261,0.09984884,-0.785253,0.8178991,-1.3951858,0.32168883,0.5443204,-0.024941742,-0.769236,1.1191564,0.9835168,1.4876543,-0.46550733,-1.2306765
-0.6088728,0.24950007,0.34438792,-0.4748952,0.9869897,-0.65288335,-0.94498575,0.19875254,0.117209874,-0.70368665,0.4900169,1.2378157,1.7243564,-0.43825823,-1.0479326
-0.19771323,-0.0701441,0.83904386,-0.3423795,0.8087145,-0.6317509,-1.2376314,0.021406183,-0.070629515,-0.9245137,0.8453423,0.9903135,1.8549931,0.2860885,-0.9204465
-0.32727143,0.15901835,0.22305655,-0.3754929,1.1419628,-0.3614206,-1.1187763,0.11784552,-0.17312992,-0.73937887,1.0358062,1.2122321,1.8132745,0.17558727,-0.7377979
-0.0752304,0.0905801,0.44646645,-0.18552361,1.0037454,-0.5492845,-1.0987288,-0.004680501,0.0005281531,-0.47344112,0.96408486,1.0386866,1.6252182,-0.11220766,-1.0034124
-0.6046693,0.046714004,0.37096682,-0.5799752,0.9805456,-0.28019616,-0.8687328,0.24662405,0.013773466,-0.9176872,0.6451031,0.917112,2.1343684,-0.2831342,-1.0553073
-0.20519906,0.21420333,0.44828373,-0.388888,0.9255282,-0.5087732,-1.4013685,-0.07220357,-0.18858811,-0.7704167,0.956955,1.1686896,1.7833868,0.19036852,-0.85793835
-0.30757838,-0.30126098,0.2391844,-1.5765506,1.0026509,-0.57241976,-0.44427246,0.3027367,0.5557044,-0.79925525,0.89410585,1.3007265,0.6801514,0.43324807,-1.29757
-0.54008806,0.008348018,0.67097956,-0.47871408,0.73212177,-0.43349186,-0.90495336,-0.072756134,0.1311791,-0.97827834,0.43509388,1.0114855,2.1198096,-0.3164414,-1.1046162
-0.25724468,0.20550093,0.21879984,-0.48903167,0.7237755,-0.47321558,-0.95037544,0.0921809,0.055542417,-0.94352496,0.71975875,1.5556158,1.7611785,-0.13601854,-0.99395
-0.2910419,-0.12971929,0.45004183,-0.5169638,1.1130316,-0.43513316,-0.90921247,0.20235755,0.094691716,-0.8416448,0.895604,1.3497152,1.766824,0.057467066,-0.98926985
-0.8141816,-0.12095166,0.1820033,-0.94622654,0.96814716,-1.3765814,0.1625014,0.2970334,-0.19600685,-0.81447893,1.3304746,0.93549246,1.5827059,-0.32746375,-1.3433311
-0.1565731,-1.1237968,0.5593976,-0.7595403,1.3075454,-1.1518334,0.9497423,-0.42885682,0.61424685,0.21124226,0.832381,0.28454435,0.09000522,-0.75514877,-1.0700183
-0.3549025,-0.66052276,0.528634,-0.5510413,1.4279499,-1.1267607,0.9763898,-0.0030401761,0.5137705,0.020537212,0.49467567,-0.05558169,0.257957,-1.0496972,-1.6774195
-0.77416116,-0.19026314,-0.27096754,-0.4958017,1.0372618,-1.0206128,1.2312965,0.12978263,0.7299546,0.116544336,0.96361315,0.56678057,0.68058366,-1.2266269,-0.93753284
-0.9699085,-0.14818758,-0.3799558,-1.26406,1.2129042,-0.39573833,0.047928836,-0.15578252,0.36376214,-0.8522554,0.867454,1.4811716,0.7606127,-0.52721083,-1.409307
-4.7169447,2.097817,0.18724081,0.10170461,0.76158696,-0.25144204,-0.059850764,-1.7718258,1.4658414,0.49410406,0.79599977,-0.9532187,1.0257692,-2.6245155,-3.1438587
-0.7438625,0.024295041,0.9436474,-0.5636765,-0.9299963,-0.0783879,-0.931925,0.29803085,0.59553087,-0.65763545,1.3271283,0.22706486,2.0243273,-1.5101976,-2.289213
0.32937667,0.20671673,2.1074216,-0.69508845,-2.4238942,0.34063786,-0.15949017,-0.24333213,1.0827997,-0.15794851,0.6798769,1.8628725,1.2073531,1.2123414,-1.9198945
0.27502653,2.1954458,1.0408732,0.1775258,-0.09901163,-0.24844992,-0.29788896,0.38461304,2.3407845,0.087138444,1.9725798,0.97634614,1.9569751,-0.49822637,-1.4507135
0.079078406,1.4985915,0.99144226,-0.0012243836,-0.013484422,-0.5883017,-0.27344233,0.22816315,2.1110964,0.16930489,2.0114286,0.8452155,1.725218,-0.4970982,-1.3064653
0.0348908,1.5039673,0.990877,-0.0070407963,-0.16184391,-0.4871389,-0.116009146,0.2327033,2.0879967,0.25682586,1.9680742,0.75975513,1.8171781,-0.4772533,-1.4352052
-0.7072344,1.3794361,1.7504963,0.85861444,-0.7435748,-1.1496925,0.9806172,-0.09609534,0.052406527,0.7763116,1.6732692,0.27840996,-0.12863904,0.72076744,-0.8254097
-0.059341773,0.9028975,0.8721947,0.79101497,-0.26577103,-1.2014434,-0.057146918,-0.16400126,0.32793015,0.89492697,1.777072,0.798392,-0.13244656,-0.15454395,-0.010863748
-0.58744067,1.605437,1.5428307,1.1317912,-0.9592157,-0.9296717,0.85241675,0.47366568,0.34244233,0.4486307,1.4561768,0.749919,-0.47959346,0.89667386,-0.90467006
0.17571177,1.1560123,0.67241013,0.91976404,-0.58862156,-1.1508327,-0.054862753,0.3182422,0.30439565,0.4990537,1.4329829,1.1831454,-0.2063596,-0.035004497,-0.41903523
0.12913522,1.1802496,0.63738936,0.90627813,-0.5681247,-1.1170785,-0.054937363,0.25906774,0.30967647,0.5817575,1.3912419,0.9315454,-0.19726725,-0.012090418,-0.14381333
-3.1806755,0.0067839175,2.691833,1.0247909,-0.38233745,-0.8763997,1.4127573,2.7212625,3.4184551,0.5726588,0.7493972,0.023420315,-1.2703255,-0.15928447,-2.3444326
0.18843728,0.583951,-0.23452955,-0.5442642,1.0855742,-0.66994005,-0.4780285,0.4606648,0.9435947,0.47363055,2.3123565,0.6261578,-0.24617803,-1.7705561,-0.73168623
-2.5621905,1.3948667,-1.9125124,-0.52258307,3.3098967,1.589052,-0.28187463,0.00745473,1.1202453,-0.007166443,2.2927365,1.0211984,-0.52262694,-1.8630744,-0.80143785
-0.05800692,1.2784234,0.014849962,-2.1448927,0.47043654,-2.7478843,-1.3787296,1.5959814,0.060178887,-1.6681935,2.3640728,-1.0328348,1.8739922,-2.9439218,-1.1745789
-1.6801664,0.53581035,1.6542598,-0.74275553,0.24597596,1.2467293,1.0558378,-1.5407435,0.7112937,1.4992049,-0.03860827,-0.17212893,-0.3246053,-1.408911,-0.93129003
-1.735723,0.45256016,1.8132657,-0.7927067,0.30759162,0.9759019,1.3135109,-1.6032604,1.0027308,1.413841,-0.21303764,0.037850752,-0.060693122,-1.1651686,-1.1204219
-0.56737703,1.5557985,0.9963096,-0.6819766,0.42355835,0.2832726,0.14032757,-1.2452495,0.036201186,1.4046823,-0.060918417,1.5191486,-0.44002935,-1.0344285,-0.5021778
-0.63482493,1.684515,0.91971827,-0.79131603,0.47557813,0.37087563,0.40227878,-1.0358257,-0.03088707,1.3792294,-0.28850797,1.4604496,-0.24330041,-0.9814695,-0.46705088
-0.4940241,1.0438784,1.4372566,-0.97963995,0.10453886,0.04035217,0.07735342,-1.2058173,-0.20359343,1.8389955,0.22696304,1.2773635,-0.52603143,-0.79350054,-0.34661332
-0.6565749,1.187581,1.1919872,-1.1550951,0.19307414,0.25623128,0.056278985,-1.2528104,-0.32886449,1.8142445,-0.080929965,1.3862255,-0.45366952,-0.99236745,-0.60438764
-2.499825,0.13910627,0.7627365,1.5448704,-0.9950502,-0.48672286,-2.5205922,-0.77040774,-0.2030085,0.81644064,3.4861786,0.69779456,0.6462322,-0.86051506,-2.0209346
-0.5292862,-0.057124432,-0.85257035,-1.8304771,1.9609579,-1.2657048,-1.0580095,0.031708118,-0.042658105,0.22371118,2.451199,0.3114771,-0.24848725,-3.2340245,-0.041909166
-1.7360264,0.74540466,0.024048662,-0.9450867,-0.041984223,1.1640506,-1.5742534,-1.0207031,0.8016696,-0.423948,2.0349882,-0.012503556,0.22524957,0.39535722,-0.9416927
-1.891503,0.40765536,0.23738816,-0.7533722,0.17420116,0.8140243,-1.1653645,-0.6693493,0.40813756,0.15123457,2.0987587,0.2084139,0.719143,0.5031626,-1.5015208
-1.9194547,0.44545305,0.2767705,-0.8138752,0.45994756,0.9011335,-0.7837839,-0.66567403,0.49335268,0.13952444,2.2162385,0.3287527,0.7001439,0.63478756,-1.1719228
-1.9611104,-0.41781077,0.45820114,-1.0752015,-0.018973427,0.13903181,-1.6118684,-0.95150125,0.93332314,0.14767039,1.8984761,-0.17768191,0.69660693,8.5603475e-05,-1.5690165
-1.9925923,0.34073502,0.269207,-0.7242599,0.38329285,0.78659916,-0.8438865,-0.657986,0.41201076,0.47327983,2.216703,0.37623522,0.80235463,0.28607577,-1.3191652
-1.9996544,0.34210974,0.4133316,-0.8996372,0.06839332,0.71955556,-0.9827017,-0.9113267,0.4710884,0.21751735,2.1165197,0.38943508,0.70465314,0.5157742,-1.2201134
-1.8739028,0.3761188,0.44361666,-0.82084787,0.33764136,0.72475314,-1.0546722,-1.023993,0.54296666,-0.0065520653,2.194896,0.2322468,0.6155302,0.5494507,-1.1028951
0.6232069,1.0617689,-0.82653046,-1.5787277,2.9358423,0.763504,1.7510836,0.28680313,0.92013097,0.36112043,0.9959248,1.7930987,0.68882376,-1.4546145,-2.4886925
-0.83580375,1.1396374,0.37379235,-1.4452978,0.81659025,-0.15747967,-1.6643221,1.6538067,0.91996586,-0.18169504,1.3620743,0.707315,-1.0379641,-0.9213108,-0.83439946
0.11930608,0.6939238,0.80261546,-2.2896774,0.59222364,-0.33697826,-0.71472776,1.4865831,0.18312944,0.029909065,2.1073725,-0.21643445,-0.7941729,-0.394547,-0.028932132
-0.07788539,0.3045876,0.2805677,-0.60051066,-0.4069723,0.86187154,-1.2780783,0.55737317,0.39667928,0.61791694,1.0296708,0.13069226,0.1857205,-1.8546889,-0.12508671
-0.23753113,0.1837916,0.65171826,-0.56002116,-0.8766675,0.52336717,-1.1199826,0.34982136,0.36146456,0.85475695,1.4029219,0.38018408,0.011864087,-2.2236335,0.14201201
-0.68389434,0.31229624,1.7541095,-0.7023485,-0.8372765,2.2411861,-1.6946816,0.11222867,0.45080832,-0.41982186,0.82315624,0.2836373,-0.043118156,-2.0436003,0.9154963
-0.24139768,0.037875153,-0.1443801,-0.7378954,-0.22682409,0.9848628,-1.1364843,1.0037829,0.8355038,0.20482238,1.2111686,0.24434333,0.28961167,-1.6162524,0.21957938
0.0814453,0.07912742,0.52486473,-0.61340857,0.117993295,0.9192978,-0.85579455,0.049772907,0.6223635,0.61665094,1.2435882,0.5877423,-0.42168608,-1.8302715,0.11965049
-0.7060448,-0.33038586,0.44627634,0.16113111,-0.799677,-0.6150451,0.14868563,-0.57608503,0.6345437,-0.7303857,1.3929707,-0.022329684,0.5730715,-1.9695127,-1.4149342
-0.49619874,-0.70711917,0.2403292,-0.006558656,-0.5651651,-0.5880815,0.19517593,-0.5910168,0.5610425,-1.1246793,1.8398201,0.19915687,0.2982854,-2.0754437,-1.5405419
-0.5943345,-0.27160943,0.680258,0.06696322,-0.87169355,-0.49783775,0.15146565,-0.67799485,0.4043381,-0.9466623,1.4487638,0.061119996,0.1596242,-2.0145025,-1.6426483
-0.6364614,-0.61300135,0.4721619,0.20144723,-1.3063282,-0.2341731,-0.59509766,-0.4004649,-0.05457837,-0.5675526,1.434311,0.14960909,0.4469994,-2.1909504,-1.2576693
-0.3373105,0.98236203,0.5678973,-1.2572901,-0.56355804,-0.18090586,-0.805626,0.247405,0.12329514,-0.16954494,1.5286307,-0.39859015,0.49277493,-1.4613787,-0.12801127
-0.49018234,0.9523158,0.24333301,-1.2167577,-0.48611048,-0.22438374,-0.8456855,0.19642103,0.09966363,-0.5107417,1.7880311,0.24164025,0.06939215,-1.5475157,-0.23816858
-0.35521993,1.4311267,0.692493,-1.1884584,-0.74932414,-0.64725316,-0.6501188,-0.085253336,0.18350427,-0.40803686,1.062385,0.1487406,0.15104888,-1.5936085,-0.59926254
-0.4004264,0.68254995,0.64649236,-0.7265629,-0.7590877,0.23065375,-1.3654207,0.15005894,-0.16702382,0.1851799,1.3803488,-0.2290584,-0.17457747,-1.5543233,-0.3214775
-0.043313507,0.2072702,0.7471825,-0.5037742,-0.24440734,0.37371466,-0.076101504,-0.21982774,0.3575903,0.47829008,1.8645033,-0.35119677,1.6906972,-1.6242135,0.050308753
0.09095955,0.36335185,0.3917473,-0.36920708,0.13591737,0.5913673,0.043920904,-0.32655796,0.24732973,0.10350018,2.162052,-0.22931078,1.4218985,-1.5143381,-0.02925129
-0.042851668,0.90052116,0.75699884,-0.51112354,-0.33414394,0.59152067,-0.20596828,-0.7546872,0.10353444,0.20299415,1.7962974,-0.60047895,1.5170373,-1.9171057,-0.3441254
-0.8793682,1.1535165,1.0323355,-0.037580997,-1.2853528,0.54617244,-1.0258632,-0.9130043,-0.5289787,0.89875233,2.0126543,-0.47236025,1.4023498,-1.3417608,0.13761729
-0.42923382,-0.43019462,-0.16810384,-1.6846912,-0.8688758,0.056511648,0.50504446,-0.42214552,0.578395,-0.47901306,1.2672647,0.28907192,0.12434183,-0.5449074,-1.6941382
-0.36237192,-0.22993293,-0.13483042,-1.6800106,-0.84714216,0.17082459,0.62575984,-0.5229627,0.5407327,-0.36767083,1.267752,0.21989007,0.13029628,-0.69804853,-1.7136679
0.26545855,0.18493335,0.47120368,-0.19186223,-0.14995456,0.12931886,-0.0962697,-0.39323574,0.2808245,0.16423465,0.65008086,0.48663175,0.17922099,-0.26224363,0.025078522
1.0683391,0.2223589,0.4075226,-0.9110108,-1.1589767,0.14956544,-0.20343447,-0.06604087,1.1335496,0.41412625,1.3096304,1.2430086,0.1056804,-0.19771989,0.10519144
0.16832013,-0.051013283,0.35956198,-0.27686715,-0.37242576,-0.22889176,-0.5118282,-0.28799433,0.7293959,-0.16184177,0.6587117,0.46514004,0.24283768,-0.011449802,-0.2404077
0.5238407,0.31827688,-0.7153282,-0.76747346,0.08737883,-0.09834682,-1.6037142,0.9627984,1.014723,1.0826449,-0.4643733,-0.00918731,0.2331512,-1.295286,-0.7697821
0.5946661,0.33763582,0.62114775,-0.300111,-0.013633683,0.3641085,-0.50666904,-0.17546295,1.0168853,0.8221431,0.9732133,0.7138329,-0.220691,-0.78120947,-0.057443477
0.5948541,0.4061614,0.62384725,-0.5534942,-0.8031565,0.20182247,-0.013720065,-0.13144393,0.84880465,0.25763214,1.0854244,0.91038734,0.037781727,0.021170862,0.3246394
0.8480851,0.28690588,0.5685291,-0.4736756,-0.80021507,-0.058889993,-0.15931702,-0.10586701,0.903565,0.47560337,0.8048629,0.77215064,0.18022591,-0.13970992,0.07007837
-1.3984054,0.006983216,2.3739374,1.268208,0.6041316,-0.72070074,-0.8482149,-0.3080518,1.1859196,1.8390846,1.9213715,-0.40916708,1.3121352,1.0812824,-1.9505497
-0.024054723,0.119844444,-0.19565618,-0.97629046,0.5856019,0.6687323,-0.34080893,0.4432537,-1.1067392,0.24093485,1.7244226,0.9022268,0.09248616,-0.039771464,-1.6130028
0.43945047,0.6040888,0.7965174,-1.3794383,0.043709278,0.4566505,-0.9545769,-0.5115787,-0.392343,1.2811972,0.23304062,0.78194344,-0.54101545,0.28787097,-1.5986888
0.21664858,0.8967649,0.82744426,-1.6847694,0.06449263,0.44267076,-0.8898948,-0.43205205,-0.52466744,1.5299183,0.19648057,0.6758971,-0.31208518,0.36882284,-1.657469
-1.4025612,-0.08350364,0.29731897,-0.11958195,1.3970743,0.5854499,-0.4662222,-1.6998962,0.07992949,0.8674455,0.85675997,-0.571557,-0.06304613,-0.89998007,-0.31733063
0.36923063,1.2236104,1.2230991,-0.3306853,0.63734037,0.21724302,-0.39067265,-0.318947,0.1320482,0.56439334,1.2607754,1.5584036,-0.48510528,1.167283,-1.1126359
-1.1114186,-0.20570439,1.3585546,-1.4246378,0.61696506,0.6229061,-0.7737244,-0.11117172,0.3751468,0.4538672,1.1662601,1.2369423,-0.990528,0.75792843,-0.67416376
-1.3562692,-0.4025057,1.2734113,-1.4941441,0.38998193,0.5215141,-0.97018164,0.10878815,0.4886058,0.51647663,1.2894506,1.389047,-1.13593,0.6727541,-0.44673464
-1.2482156,-1.0178175,1.4102135,-1.7652771,1.072738,0.34229615,-1.2096668,-0.11737567,0.27225357,0.42802846,0.9906611,1.6150963,-0.6873857,1.6938488,-0.6397767
-1.2501454,-0.47255108,1.0759357,-1.7566344,0.6668316,0.6543592,-0.99557996,0.14722404,0.6566139,0.50522673,0.958894,1.0832415,-1.0231566,0.51035,-0.972417
-1.1233213,0.79984957,0.42220846,-0.50523305,1.6209847,0.213111,-0.8912048,-0.62625754,-0.22856657,1.2293117,1.1043314,0.6043244,0.39579237,0.8099667,-1.6129272
0.4468942,1.1149943,1.3592075,-2.8618686,0.81844425,2.1115825,0.84881014,0.040907018,-1.8805119,-1.384935,0.012913776,-0.22110364,-1.2964016,-0.42705834,-2.0444932
-1.4265621,1.1237141,0.29798636,-0.4649328,1.3769302,0.43598986,-0.4331202,-0.9637004,-0.23129609,0.88899165,1.7829261,1.4521464,-0.18858723,1.5170916,-1.253643
-0.96158844,1.6154684,-0.16020007,-0.28030285,1.5142303,-0.5967985,1.1201562,1.2440404,-0.32150632,2.4611948,0.98837405,0.30731833,0.15777697,-0.15666582,-1.569724
-0.9182024,1.086956,1.439338,-2.0643017,-0.2507791,-0.057752732,-0.46437773,-0.14343458,1.1399204,3.128377,2.435643,-1.5151621,-0.92433834,-0.7836861,-1.1442056
-0.9759893,0.4706183,0.6380443,-3.658725,-0.17135274,0.13603772,-0.34157196,1.0310785,1.9033672,3.5046504,3.8269835,-1.4801908,-1.210441,-0.62277156,-1.0869778
0.13580976,-0.515903,-0.68815494,-1.3377489,0.9378151,0.7277835,-1.024953,0.7219359,-0.9329488,0.44276726,2.454166,0.37338033,-0.008338429,-0.5014812,-1.2199289
-1.1951146,0.7429727,1.06006,-0.1055585,2.0316803,0.119043104,-0.3692835,0.46629944,-0.4410929,1.6188354,1.8044565,0.8675668,-0.66177213,-0.004548206,-0.14295988
-1.3791915,0.5887021,1.1533767,-0.046797138,2.049975,0.089239225,-0.3350088,0.34829408,-0.40049422,1.5825913,1.9011072,1.0569268,-0.79329747,-0.12882498,0.13974363
0.5285177,0.20607494,-0.25201702,-1.6544312,0.7971824,-1.0396051,-1.5256279,1.9158711,0.16219293,1.0729487,0.03239142,0.36141822,-0.3120266,-2.5978842,-1.9289756
-0.4441276,0.5775282,0.39355695,-0.6214048,1.2216086,-0.13747212,-0.8388935,0.9333113,-0.24425398,0.6115856,1.3182348,-0.6310524,0.6073671,-1.4395207,-1.1096338
-0.32102546,0.63826275,0.3069567,-0.6936922,0.818175,-0.060759332,-0.92188376,0.80745643,-0.12343364,0.49664852,1.2755879,-0.35707924,0.6031953,-1.2782784,-1.4164288
-0.39055234,0.62705266,0.45692047,-0.49453333,0.8667211,-0.13184999,-0.8270134,0.87181133,-0.099944025,0.6969882,1.2059722,-0.5234609,0.7753825,-1.2886944,-1.2200534
-0.4318742,1.1004251,0.6274494,-0.9035905,-0.21311815,0.20482072,-2.1287358,0.41348192,-1.6262887,0.7802804,0.6761828,1.0007629,1.086084,-1.9256012,-0.7213871
0.059644446,0.90322244,-0.12693664,0.037868936,0.49642205,-0.08468445,-1.1877631,1.2805247,-1.4510642,0.81128305,0.8509241,1.6813109,1.6615881,-2.1136713,-0.8298336
-0.22148052,0.5783032,0.21336024,-0.6682482,-0.08059461,-0.78147036,-1.776376,0.60781634,-1.7678756,0.78447807,0.5835527,1.1621183,1.508342,-1.500833,-1.0907859
-0.5983181,0.6436867,0.023999188,0.00526473,1.2803329,-0.21343148,-1.1352619,1.4048467,-0.17826495,0.8692722,2.5607116,-0.5068393,1.5157087,-1.6020952,0.18152064
-0.9131554,0.34648958,0.46288085,-0.4536386,1.0000614,0.10994886,-1.5161229,1.7462023,0.17718834,1.0343599,2.3392637,-0.77943414,1.216181,-1.581066,-0.95128155
-0.94443077,0.71442544,0.607985,-0.41736236,1.8284465,-0.6148262,-0.948266,-0.54957646,-1.0608368,2.0492775,1.3706287,-0.14504674,1.0078813,-0.10010921,-0.03246761
-2.2915318,1.2014462,1.6107581,0.11059263,2.670905,-0.48046717,-1.5108919,0.88108575,-1.6531698,1.6385889,0.7016826,0.21956465,0.51875407,0.690828,-1.0698951
0.8172858,0.5401427,0.26720783,-0.3553574,-0.78523964,0.5051588,-0.78325754,-0.21321402,0.0006926715,-0.19433936,1.4944545,0.74739844,0.09896375,-0.035142127,-1.8150816
0.46953726,0.34900102,-0.69276196,-0.56945056,0.4597489,0.4295053,-1.0202839,0.95515996,-0.957698,0.58821315,2.0364866,0.3320638,0.34989712,-0.42204374,-1.3657559
-0.07456856,-0.8471327,1.048302,-1.2980132,-0.4002034,0.27259287,-1.3563534,-0.3539337,-1.9713169,2.859502,1.6295984,1.4752419,-1.7711754,-0.79588884,-1.2049032
0.025445845,0.13060771,1.2047179,-1.1937582,-0.75400585,0.9841282,-0.5282159,0.4428883,0.008646049,1.5503242,-0.90752447,2.2740245,0.10650217,0.15384609,-1.3893723
-0.1258327,-0.15664625,-0.42503294,-2.2878754,-0.9394788,-0.32087147,0.009086776,0.16116019,-1.091754,-0.45735574,1.9065766,1.9018633,0.67538214,-0.040821735,-2.163206
-0.25925118,0.11379406,0.28777054,-0.62868565,0.55490303,0.91610354,-0.72195345,0.4633438,-0.7972282,0.23677622,2.05866,0.8346737,-0.15227626,0.7927572,-0.53503907
0.3055482,0.13001534,2.2583785,0.6446269,-0.5213461,1.8062391,-0.28623593,0.24399158,-0.15025337,0.023546146,1.1057924,1.2840681,0.8587277,0.80055577,-2.0887828
-0.31833103,0.18660143,-0.02836052,-0.89380527,0.7376733,0.6659609,-0.31932518,0.55685383,-0.9227403,0.046136253,1.7388555,0.64933974,0.24388486,0.10904733,-1.6902269
-0.09260257,-0.39207366,0.63921505,-0.9868644,1.175939,0.9251878,-0.12512015,1.9720548,0.050771784,1.0316834,1.4265625,0.9619921,-0.16784723,-0.1786002,-0.9408848
-0.90895915,-0.17702332,1.1407404,-0.3635037,0.058473833,0.79351616,0.122501686,0.9732673,0.9498694,0.570514,1.6969843,1.4985313,-0.652235,-0.46366486,1.0184318
-0.5746022,0.3770872,0.6812605,-0.30137512,0.5103295,0.9388347,0.1935185,1.1202929,0.59431565,0.38007134,1.2444593,0.79190844,-0.5149003,-0.6262954,-0.4824577
-0.6509369,0.2658355,0.7939081,-0.3863965,0.62862283,1.0008813,0.037113134,1.2696425,0.6078289,0.47053662,1.050129,0.73611677,-0.2580217,-0.7782807,-0.36333573
2.0255938,0.57425314,-0.23623955,-0.876288,0.048656646,0.075657554,1.1357201,-1.086763,0.5911513,0.8579178,1.8925737,2.2814214,-0.61966944,-0.54164195,-1.0471581
0.8833631,0.3076306,1.0974673,-1.8968346,0.09193039,1.5499363,2.1280735,-1.1601719,0.061311167,0.98188525,2.0849614,1.977568,-1.2784597,-0.651174,-0.3576973
-2.8203325,1.905316,-0.74248385,-1.8117291,1.5920306,-0.97477823,0.5758942,0.34996116,0.3031932,1.4557588,1.467353,0.5782841,-0.055416342,0.23658694,-0.7269265
0.3121684,0.047093824,0.34278518,-2.3939917,-0.5486235,1.1588073,0.38831243,-0.42607683,-1.4201818,-0.54255784,2.2822688,1.4117125,0.20969604,0.59127176,-0.7973531
-0.93405676,-0.051172953,0.7052203,1.0176749,0.9433266,3.621692,-0.10406068,-3.1737146,-0.8052765,0.066112496,2.9635715,0.72327757,0.9938506,0.0097007295,-1.2216543
-2.4240909,1.1139967,-0.020891553,-0.30093557,1.2909911,-0.039007924,-1.1824522,-0.34571555,-1.4439753,1.351237,1.9611492,1.6147679,-0.6822218,-0.009691636,-0.5927919
-0.1966977,0.3000709,0.026142836,-1.0204753,0.5380603,0.46125817,-0.48981217,0.4454375,-1.1878211,0.3166006,1.4714091,0.7523957,0.20326437,0.29634234,-1.6665815
-0.33259103,0.29919434,-0.07010804,-0.77321255,0.5089589,0.81254894,-0.5285225,0.4987275,-0.8720774,0.18956375,1.6311108,0.5667144,-0.1270276,-0.17686489,-1.7413116
0.020372963,0.2678686,-0.0020119841,-0.7805818,0.4471451,0.47258815,-0.3773602,0.43211737,-1.0698109,0.22916584,1.5370523,0.6522795,-0.14259788,-0.25464317,-1.8838935
0.18540813,0.27848157,-0.16332552,-0.87364507,0.5278701,0.6830833,-0.37146372,0.6468855,-0.9596868,0.43020338,1.6043656,0.94014853,0.2822561,0.2765148,-1.5928376
0.003200514,0.08764377,-0.2348802,-0.9220531,0.47680265,0.9317437,-0.43239352,0.6065089,-0.9176249,0.34435582,1.6366553,0.9977458,0.3397324,0.0043721534,-1.4555011
-0.01770251,0.16248576,-0.15723741,-1.0376412,0.654665,0.50781786,-0.56151414,0.5630352,-1.2189654,0.5418081,1.6680932,0.67569464,0.26756516,0.04166266,-1.5667413
-0.1580926,-0.0071338997,-0.06302589,-1.1150894,0.70668757,0.49174732,-0.50989395,0.529974,-1.1525847,0.37962112,1.583853,0.8037958,0.27035934,0.032423932,-1.5842333
-0.04578018,0.060550116,-0.012636458,-0.7519845,0.48196545,0.6775,-0.3724258,0.59990746,-1.0682367,0.30209252,1.5787827,0.99366623,0.19567965,0.06949113,-1.5778964
0.26118606,0.23603117,2.870316,-1.2661637,0.8584281,0.16188589,-0.9674132,3.2096639,1.6613787,1.471014,0.6085121,-0.29955998,0.16937457,2.8974543,-0.6536016
0.3923648,0.5540629,0.68874025,-0.63572234,0.5260525,-0.8197703,0.66455144,-0.46165487,0.16515782,1.430433,0.48564386,0.9648258,0.40335706,-0.12089121,-1.2592697
0.6305988,-0.33651578,1.8771708,0.4307215,0.327535,0.3190855,-0.044997964,-0.85120755,0.5668814,1.2828301,1.0172921,0.45670214,0.18644978,-0.27063203,-0.22085188
0.5679048,-0.7127537,1.3463128,-0.16888405,0.8738783,-0.7094426,-0.29228,-0.17667812,0.70586133,0.5616299,1.0518625,0.41408604,0.63131315,0.64668477,-1.5767076
0.957008,0.20916504,1.8969978,-0.23699751,0.4016196,-0.48817813,0.21847238,-0.35260516,0.036705926,0.523474,1.1543833,0.66599005,0.9500106,-0.17796238,-0.05444913
-0.28342336,0.079191074,0.3293347,-0.5934767,0.5062871,1.0644982,-0.7876214,0.45352226,-0.8418552,0.13887899,2.1378262,0.7635173,-0.123593524,0.7835524,-0.5588127
-0.15042144,0.12937696,0.31280956,-0.57924694,0.62957716,0.9478159,-0.79029846,0.45403758,-0.9170453,0.13701287,2.140821,0.7025111,-0.027146755,0.78934765,-0.5923277
0.28458622,2.6044092,1.0526878,-0.7860775,-2.0924506,-0.687409,-1.2084695,1.3029048,-0.37536013,0.99848306,1.2642279,0.3952018,1.1153394,-1.1254383,-0.9818687
0.10367685,2.7039702,1.2278967,-0.53919226,-2.2436647,-0.21290518,0.15986404,1.8458203,-0.9393601,1.1665691,1.1692429,-0.38781792,1.5298824,-1.0902084,-0.33515018
-0.96806884,0.98369855,0.07341659,-2.6286242,-3.4646595,-0.2254018,-0.20242386,2.5235956,2.0898237,1.4780746,1.1845535,0.6416866,0.5118939,-1.508663,-1.0662059
0.84227973,0.8914934,0.4171295,-0.40244114,-0.7043974,-0.014303677,0.4444363,-0.22015554,-0.5245343,1.1981598,1.3557949,0.60789776,0.6051398,0.7803977,-1.3011025
-0.22783075,-0.16834567,1.7877065,0.1675951,-1.2189894,0.64919484,-0.24823548,-0.8877699,-0.80882156,0.7502477,1.0031444,0.30402234,1.3492167,0.5324547,-1.8243164
-0.50510657,-0.20270711,1.5157629,-0.06389297,0.052569285,0.8260236,-0.6590562,-0.20764428,-1.1949166,0.19535646,1.6860234,-0.23457134,1.483794,-1.0950074,-0.99256885
-0.55180395,-0.059760634,1.6963018,0.09696404,-0.08241672,0.6410738,-1.1673516,-0.001841953,-0.8304415,0.3344568,1.3861549,-0.14055486,1.1529727,-0.871756,-1.2976388
0.74639994,0.07862966,0.18713713,-0.61556023,-2.7430856,1.1147543,-0.46885848,1.5077723,1.2339643,2.0278327,2.6779525,1.443829,2.0906775,0.008285316,0.28593415
-0.30303553,0.59308076,0.59285694,-0.17394891,-0.008318772,0.18435332,0.7397416,1.4514881,-1.0231113,0.5280985,0.69849193,-0.38762888,0.20375425,-0.42808306,-1.6637062
-0.13045174,0.54575616,0.84205514,-0.24880998,-0.17087437,0.23316124,0.6670083,1.7136767,-0.8892042,0.71890426,0.7136202,-0.3186275,0.3135393,-0.4257619,-1.7209162
-1.0540881,0.93725246,0.81143844,0.09966783,-1.0390309,0.65104425,0.59065145,1.1167704,-0.70318663,0.38772416,-0.27302974,2.2666593,1.0872959,0.37871507,-0.51515824
-0.7487995,1.6674355,0.534109,-0.39711478,0.07533945,-0.3911264,0.7893248,1.5789416,-0.68698007,0.13148831,0.61603373,1.0315195,-0.20437306,-0.2675986,-1.0427754
1.7137803,1.2764719,0.0014719719,-0.97421694,-0.570328,0.3041641,-0.42171514,-0.9374878,-0.43488514,1.4659803,1.1718081,0.81939894,1.1174104,1.3097458,-1.657653
0.84301156,-0.772523,1.0447184,-0.73703086,-0.614881,0.14593692,0.16440892,-0.7660054,-1.1759142,1.2024612,0.16886455,0.4972489,1.0644679,1.4670033,-1.8279959
-0.40372285,-0.5443734,1.0132359,0.15086836,-0.6795227,0.9731684,-0.8560515,-0.3114719,-1.9355295,1.3248744,1.262562,-0.74279374,1.5702937,-0.6202637,-1.4514927
-0.2627827,-0.061517462,1.1287117,0.09636844,-0.7950359,0.6157393,-1.3737586,-0.105585605,-1.7903214,1.2429589,1.0806172,-0.658067,1.4117339,-0.7589303,-1.4708669
0.60745984,2.6938128,0.8326739,-1.3452584,-4.0012293,-1.1262934,-0.69495755,1.1846952,1.2691745,2.5358293,1.169665,0.69656605,1.564915,-0.12193846,-0.8228386
-0.29775316,2.2686093,1.8715719,0.3281707,-2.619201,-0.2715839,-0.24887884,0.24399522,0.18011323,2.3480165,0.4382504,1.0421135,-0.72752994,1.827963,-0.92490464
-1.1007382,0.5181216,1.126043,-0.43940473,0.32917964,0.58175135,0.22741991,-0.10293771,-0.8546333,0.34803697,0.29139104,-0.46456793,0.46281287,0.5612729,-2.4019763
-1.128822,0.43721646,1.2590742,-0.47369263,0.34448355,0.5873414,-0.10258488,-0.107282676,-0.7350843,0.34907132,0.25886428,-0.4347039,0.71451426,0.7566704,-2.2566543
-0.99292153,0.75102,1.1767735,0.5922811,-1.1598821,0.6814659,0.44016904,0.08776872,-0.37821424,-0.37386313,0.058087718,1.1782032,0.7367786,1.3057863,-2.14148
-0.07553648,-0.2588151,0.37100115,-0.91000384,0.33317447,0.33041403,1.0352871,0.8241109,-0.0486483,0.5226097,1.2449024,-0.050102357,0.1636951,0.58204335,-2.1652853
